rest_id,rest_name,rest_address,b_url,ad_nonad
1243,왕자관,광주광역시 동구 충장로 101-6,https://blog.naver.com/PostView.naver?blogId=tmfdhd2&logNo=221942214465&redirect=Dlog&widgetTypeCall=true&topReferer=https%3A%2F%2Fpcmap.place.naver.com%2Frestaurant%2F32059982%2Freview%2Fugc%3Ffrom%3Dmap%26fromPanelNum%3D2%26ts%3D1648716248873%26type%3DphotoView&directAccess=false,0
1243,왕자관,광주광역시 동구 충장로 101-6,https://blog.naver.com/PostView.naver?blogId=gywlstjsghk&logNo=222271689476&redirect=Dlog&widgetTypeCall=true&topReferer=https%3A%2F%2Fpcmap.place.naver.com%2Frestaurant%2F32059982%2Freview%2Fugc%3Ffrom%3Dmap%26fromPanelNum%3D2%26ts%3D1648743543008%26type%3DphotoView&directAccess=false,0
1639,신성식당,광주광역시 동구 충장로 101-17,https://blog.naver.com/PostView.naver?blogId=1024sr&logNo=222548760106&redirect=Dlog&widgetTypeCall=true&topReferer=https%3A%2F%2Fpcmap.place.naver.com%2Frestaurant%2F11568333%2Freview%2Fugc%3Ffrom%3Dmap%26fromPanelNum%3D2%26ts%3D1648771026267%26type%3DphotoView&directAccess=false,0
1639,신성식당,광주광역시 동구 충장로 101-17,https://blog.naver.com/PostView.naver?blogId=eunaa1005&logNo=222576015445&redirect=Dlog&widgetTypeCall=true&topReferer=https%3A%2F%2Fpcmap.place.naver.com%2Frestaurant%2F11568333%2Freview%2Fugc%3Ffrom%3Dmap%26fromPanelNum%3D2%26ts%3D1648771026267%26type%3DphotoView&directAccess=false,0
1639,신성식당,광주광역시 동구 충장로 101-17,https://blog.naver.com/PostView.naver?blogId=ggb02272&logNo=222601839342&redirect=Dlog&widgetTypeCall=true&topReferer=https%3A%2F%2Fpcmap.place.naver.com%2Frestaurant%2F11568333%2Freview%2Fugc%3Ffrom%3Dmap%26fromPanelNum%3D2%26ts%3D1648771026267%26type%3DphotoView&directAccess=false,0
1639,신성식당,광주광역시 동구 충장로 101-17,https://blog.naver.com/PostView.naver?blogId=dlfrnjs195&logNo=222620733113&redirect=Dlog&widgetTypeCall=true&topReferer=https%3A%2F%2Fpcmap.place.naver.com%2Frestaurant%2F11568333%2Freview%2Fugc%3Ffrom%3Dmap%26fromPanelNum%3D2%26ts%3D1648771026267%26type%3DphotoView&directAccess=false,0
1639,신성식당,광주광역시 동구 충장로 101-17,https://blog.naver.com/PostView.naver?blogId=ohjug&logNo=222678173848&redirect=Dlog&widgetTypeCall=true&topReferer=https%3A%2F%2Fpcmap.place.naver.com%2Frestaurant%2F11568333%2Freview%2Fugc%3Ffrom%3Dmap%26fromPanelNum%3D2%26ts%3D1648746391456%26type%3DphotoView&directAccess=false,0
2591,900달러,광주광역시 동구 동계천로 103-2,https://blog.naver.com/PostView.naver?blogId=asfttt&logNo=222454997016&redirect=Dlog&widgetTypeCall=true&topReferer=https%3A%2F%2Fpcmap.place.naver.com%2Frestaurant%2F1940856038%2Freview%2Fugc%3Fentry%3Dbmp%26from%3Dmap%26fromPanelNum%3D2%26ts%3D1648771945789%26type%3DphotoView&directAccess=false,0
2591,900달러,광주광역시 동구 동계천로 103-2,https://blog.naver.com/PostView.naver?blogId=ajtnlfna2&logNo=222678697790&redirect=Dlog&widgetTypeCall=true&topReferer=https%3A%2F%2Fpcmap.place.naver.com%2Frestaurant%2F1940856038%2Freview%2Fugc%3Fentry%3Dbmp%26from%3Dmap%26fromPanelNum%3D2%26ts%3D1648771945789%26type%3DphotoView&directAccess=false,0
2591,900달러,광주광역시 동구 동계천로 103-2,https://blog.naver.com/PostView.naver?blogId=pgr0896&logNo=222682198359&redirect=Dlog&widgetTypeCall=true&topReferer=https%3A%2F%2Fpcmap.place.naver.com%2Frestaurant%2F1940856038%2Freview%2Fugc%3Fentry%3Dbmp%26from%3Dmap%26fromPanelNum%3D2%26ts%3D1648771945789%26type%3DphotoView&directAccess=false,0
2591,900달러,광주광역시 동구 동계천로 103-2,https://blog.naver.com/PostView.naver?blogId=dldptmf0215&logNo=222684213642&redirect=Dlog&widgetTypeCall=true&topReferer=https%3A%2F%2Fpcmap.place.naver.com%2Frestaurant%2F1940856038%2Freview%2Fugc%3Fentry%3Dbmp%26from%3Dmap%26fromPanelNum%3D2%26ts%3D1648771945789%26type%3DphotoView&directAccess=false,0
2591,900달러,광주광역시 동구 동계천로 103-2,https://blog.naver.com/PostView.naver?blogId=sollasiyeon&logNo=222688346660&redirect=Dlog&widgetTypeCall=true&topReferer=https%3A%2F%2Fpcmap.place.naver.com%2Frestaurant%2F1940856038%2Freview%2Fugc%3Fentry%3Dbmp%26from%3Dmap%26fromPanelNum%3D2%26ts%3D1648771945789%26type%3DphotoView&directAccess=false,0
5959,미미당,광주광역시 동구 충장로 93-12,https://blog.naver.com/PostView.naver?blogId=cr_k_&logNo=222127928773&redirect=Dlog&widgetTypeCall=true&topReferer=https%3A%2F%2Fpcmap.place.naver.com%2Frestaurant%2F19882298%2Freview%2Fugc%3Fentry%3Dbmp%26from%3Dmap%26fromPanelNum%3D2%26ts%3D1648772528133%26type%3DphotoView&directAccess=false,0
5959,미미당,광주광역시 동구 충장로 93-12,https://blog.naver.com/PostView.naver?blogId=my_roses89&logNo=222426415998&redirect=Dlog&widgetTypeCall=true&topReferer=https%3A%2F%2Fpcmap.place.naver.com%2Frestaurant%2F19882298%2Freview%2Fugc%3Fentry%3Dbmp%26from%3Dmap%26fromPanelNum%3D2%26ts%3D1648772528133%26type%3DphotoView&directAccess=false,0
5959,미미당,광주광역시 동구 충장로 93-12,https://blog.naver.com/PostView.naver?blogId=honeyhoo5133&logNo=222652769366&redirect=Dlog&widgetTypeCall=true&topReferer=https%3A%2F%2Fpcmap.place.naver.com%2Frestaurant%2F19882298%2Freview%2Fugc%3Fentry%3Dbmp%26from%3Dmap%26fromPanelNum%3D2%26ts%3D1648772528133%26type%3DphotoView&directAccess=false,0
5959,미미당,광주광역시 동구 충장로 93-12,https://blog.naver.com/PostView.naver?blogId=kihoon_korea&logNo=222659421992&redirect=Dlog&widgetTypeCall=true&topReferer=https%3A%2F%2Fpcmap.place.naver.com%2Frestaurant%2F19882298%2Freview%2Fugc%3Fentry%3Dbmp%26from%3Dmap%26fromPanelNum%3D2%26ts%3D1648772528133%26type%3DphotoView&directAccess=false,0
5959,미미당,광주광역시 동구 충장로 93-12,https://blog.naver.com/PostView.naver?blogId=phsp08&logNo=222663042933&redirect=Dlog&widgetTypeCall=true&topReferer=https%3A%2F%2Fpcmap.place.naver.com%2Frestaurant%2F19882298%2Freview%2Fugc%3Fentry%3Dbmp%26from%3Dmap%26fromPanelNum%3D2%26ts%3D1648772528133%26type%3DphotoView&directAccess=false,0
8251,등촌칼국수,광주광역시 동구 충장로 101-11,https://blog.naver.com/PostView.naver?blogId=white0962&logNo=222131296907&redirect=Dlog&widgetTypeCall=true&topReferer=https%3A%2F%2Fpcmap.place.naver.com%2Frestaurant%2F15985858%2Freview%2Fugc%3Ffrom%3Dmap%26fromPanelNum%3D2%26ts%3D1648773096941%26type%3DphotoView&directAccess=false,0
8251,등촌칼국수,광주광역시 동구 충장로 101-11,https://blog.naver.com/PostView.naver?blogId=wnwnglgl1788&logNo=222000572774&redirect=Dlog&widgetTypeCall=true&topReferer=https%3A%2F%2Fpcmap.place.naver.com%2Frestaurant%2F15985858%2Freview%2Fugc%3Ffrom%3Dmap%26fromPanelNum%3D2%26ts%3D1648773096941%26type%3DphotoView&directAccess=false,0
8251,등촌칼국수,광주광역시 동구 충장로 101-11,https://blog.naver.com/PostView.naver?blogId=gwangju_travel&logNo=222638497928&redirect=Dlog&widgetTypeCall=true&topReferer=https%3A%2F%2Fpcmap.place.naver.com%2Frestaurant%2F15985858%2Freview%2Fugc%3Ffrom%3Dmap%26fromPanelNum%3D2%26ts%3D1648773096941%26type%3DphotoView&directAccess=false,0
8251,등촌칼국수,광주광역시 동구 충장로 101-11,https://blog.naver.com/PostView.naver?blogId=hyuna9595&logNo=222677064610&redirect=Dlog&widgetTypeCall=true&topReferer=https%3A%2F%2Fpcmap.place.naver.com%2Frestaurant%2F15985858%2Freview%2Fugc%3Ffrom%3Dmap%26fromPanelNum%3D2%26ts%3D1648773096941%26type%3DphotoView&directAccess=false,0
11702,낙지한마당,광주광역시 동구 예술길 36,https://blog.naver.com/PostView.naver?blogId=19291230&logNo=222533090758&redirect=Dlog&widgetTypeCall=true&topReferer=https%3A%2F%2Fpcmap.place.naver.com%2Frestaurant%2F1159469212%2Freview%2Fugc%3Fentry%3Dbmp%26from%3Dmap%26fromPanelNum%3D2%26ts%3D1648773414994%26type%3DphotoView&directAccess=false,0
13657,종가집,광주광역시 동구 중앙로196번길 15-35,https://blog.naver.com/PostView.naver?blogId=loui2017&logNo=222114449886&redirect=Dlog&widgetTypeCall=true&topReferer=https%3A%2F%2Fpcmap.place.naver.com%2Frestaurant%2F15956091%2Freview%2Fugc%3Ffrom%3Dmap%26fromPanelNum%3D2%26ts%3D1648773482707%26type%3DphotoView&directAccess=false,0
13657,종가집,광주광역시 동구 중앙로196번길 15-35,https://blog.naver.com/PostView.naver?blogId=jhho1020&logNo=222120462376&redirect=Dlog&widgetTypeCall=true&topReferer=https%3A%2F%2Fpcmap.place.naver.com%2Frestaurant%2F15956091%2Freview%2Fugc%3Ffrom%3Dmap%26fromPanelNum%3D2%26ts%3D1648773482707%26type%3DphotoView&directAccess=false,0
13657,종가집,광주광역시 동구 중앙로196번길 15-35,https://blog.naver.com/PostView.naver?blogId=ckongkcong&logNo=222187985479&redirect=Dlog&widgetTypeCall=true&topReferer=https%3A%2F%2Fpcmap.place.naver.com%2Frestaurant%2F15956091%2Freview%2Fugc%3Ffrom%3Dmap%26fromPanelNum%3D2%26ts%3D1648773482707%26type%3DphotoView&directAccess=false,0
13657,종가집,광주광역시 동구 중앙로196번길 15-35,https://blog.naver.com/PostView.naver?blogId=seocyeol&logNo=221971956074&redirect=Dlog&widgetTypeCall=true&topReferer=https%3A%2F%2Fpcmap.place.naver.com%2Frestaurant%2F15956091%2Freview%2Fugc%3Ffrom%3Dmap%26fromPanelNum%3D2%26ts%3D1648773482707%26type%3DphotoView&directAccess=false,0
13663,월계수식당,광주광역시 동구 충장로 102-11,https://blog.naver.com/PostView.naver?blogId=bpkarijju&logNo=222361950086&redirect=Dlog&widgetTypeCall=true&topReferer=https%3A%2F%2Fpcmap.place.naver.com%2Frestaurant%2F33876645%2Freview%2Fugc%3Ffrom%3Dmap%26fromPanelNum%3D2%26ts%3D1648773805148%26type%3DphotoView&directAccess=false,0
13663,월계수식당,광주광역시 동구 충장로 102-11,https://blog.naver.com/PostView.naver?blogId=dori_0325&logNo=222643318088&redirect=Dlog&widgetTypeCall=true&topReferer=https%3A%2F%2Fpcmap.place.naver.com%2Frestaurant%2F33876645%2Freview%2Fugc%3Ffrom%3Dmap%26fromPanelNum%3D2%26ts%3D1648773805148%26type%3DphotoView&directAccess=false,0
13663,월계수식당,광주광역시 동구 충장로 102-11,https://blog.naver.com/PostView.naver?blogId=jinsun0311&logNo=222670870999&redirect=Dlog&widgetTypeCall=true&topReferer=https%3A%2F%2Fpcmap.place.naver.com%2Frestaurant%2F33876645%2Freview%2Fugc%3Ffrom%3Dmap%26fromPanelNum%3D2%26ts%3D1648773805148%26type%3DphotoView&directAccess=false,0
13663,월계수식당,광주광역시 동구 충장로 102-11,https://blog.naver.com/PostView.naver?blogId=kmj3689&logNo=222663050932&redirect=Dlog&widgetTypeCall=true&topReferer=https%3A%2F%2Fpcmap.place.naver.com%2Frestaurant%2F33876645%2Freview%2Fugc%3Ffrom%3Dmap%26fromPanelNum%3D2%26ts%3D1648773805148%26type%3DphotoView&directAccess=false,0
13663,월계수식당,광주광역시 동구 충장로 102-11,https://blog.naver.com/PostView.naver?blogId=seungh0407&logNo=222667785145&redirect=Dlog&widgetTypeCall=true&topReferer=https%3A%2F%2Fpcmap.place.naver.com%2Frestaurant%2F33876645%2Freview%2Fugc%3Ffrom%3Dmap%26fromPanelNum%3D2%26ts%3D1648773805148%26type%3DphotoView&directAccess=false,0
15892,해뜨는집,광주광역시 동구 중앙로196번길 35,https://blog.naver.com/PostView.naver?blogId=jihlee86&logNo=222565469804&redirect=Dlog&widgetTypeCall=true&topReferer=https%3A%2F%2Fpcmap.place.naver.com%2Frestaurant%2F37286752%2Freview%2Fugc%3Ffrom%3Dmap%26fromPanelNum%3D2%26ts%3D1648774106490%26type%3DphotoView&directAccess=false,0
15892,해뜨는집,광주광역시 동구 중앙로196번길 35,https://blog.naver.com/PostView.naver?blogId=rose0626&logNo=222441398703&redirect=Dlog&widgetTypeCall=true&topReferer=https%3A%2F%2Fpcmap.place.naver.com%2Frestaurant%2F37286752%2Freview%2Fugc%3Ffrom%3Dmap%26fromPanelNum%3D2%26ts%3D1648774106490%26type%3DphotoView&directAccess=false,0
15892,해뜨는집,광주광역시 동구 중앙로196번길 35,https://blog.naver.com/PostView.naver?blogId=rxh0427&logNo=222621178735&redirect=Dlog&widgetTypeCall=true&topReferer=https%3A%2F%2Fpcmap.place.naver.com%2Frestaurant%2F37286752%2Freview%2Fugc%3Ffrom%3Dmap%26fromPanelNum%3D2%26ts%3D1648774106490%26type%3DphotoView&directAccess=false,0
15892,해뜨는집,광주광역시 동구 중앙로196번길 35,https://blog.naver.com/PostView.naver?blogId=yeong_pd&logNo=222640681312&redirect=Dlog&widgetTypeCall=true&topReferer=https%3A%2F%2Fpcmap.place.naver.com%2Frestaurant%2F37286752%2Freview%2Fugc%3Ffrom%3Dmap%26fromPanelNum%3D2%26ts%3D1648774106490%26type%3DphotoView&directAccess=false,0
18151,풍남옥,광주광역시 동구 예술길 38-1,https://blog.naver.com/PostView.naver?blogId=wnstlr7878&logNo=222524259392&redirect=Dlog&widgetTypeCall=true&topReferer=https%3A%2F%2Fpcmap.place.naver.com%2Frestaurant%2F38257765%2Freview%2Fugc%3Ffrom%3Dmap%26fromPanelNum%3D2%26ts%3D1648774350512%26type%3DphotoView&directAccess=false,0
18151,풍남옥,광주광역시 동구 예술길 38-1,https://blog.naver.com/PostView.naver?blogId=moastories&logNo=222565080061&redirect=Dlog&widgetTypeCall=true&topReferer=https%3A%2F%2Fpcmap.place.naver.com%2Frestaurant%2F38257765%2Freview%2Fugc%3Ffrom%3Dmap%26fromPanelNum%3D2%26ts%3D1648774350512%26type%3DphotoView&directAccess=false,0
18151,풍남옥,광주광역시 동구 예술길 38-1,https://blog.naver.com/PostView.naver?blogId=jihaworking&logNo=222560959319&redirect=Dlog&widgetTypeCall=true&topReferer=https%3A%2F%2Fpcmap.place.naver.com%2Frestaurant%2F38257765%2Freview%2Fugc%3Ffrom%3Dmap%26fromPanelNum%3D2%26ts%3D1648774350512%26type%3DphotoView&directAccess=false,0
18151,풍남옥,광주광역시 동구 예술길 38-1,https://blog.naver.com/PostView.naver?blogId=lmwikg&logNo=222587468531&redirect=Dlog&widgetTypeCall=true&topReferer=https%3A%2F%2Fpcmap.place.naver.com%2Frestaurant%2F38257765%2Freview%2Fugc%3Ffrom%3Dmap%26fromPanelNum%3D2%26ts%3D1648774350512%26type%3DphotoView&directAccess=false,0
18151,풍남옥,광주광역시 동구 예술길 38-1,https://blog.naver.com/PostView.naver?blogId=baer54&logNo=222313668228&redirect=Dlog&widgetTypeCall=true&topReferer=https%3A%2F%2Fpcmap.place.naver.com%2Frestaurant%2F38257765%2Freview%2Fugc%3Ffrom%3Dmap%26fromPanelNum%3D2%26ts%3D1648774350512%26type%3DphotoView&directAccess=false,0
23220,홍능갈비,광주광역시 동구 충장로 101-21,https://blog.naver.com/PostView.naver?blogId=rlatmddk4497&logNo=222286113015&redirect=Dlog&widgetTypeCall=true&topReferer=https%3A%2F%2Fpcmap.place.naver.com%2Frestaurant%2F10977448%2Freview%2Fugc%3Ffrom%3Dmap%26fromPanelNum%3D2%26ts%3D1648775330834%26type%3DphotoView&directAccess=false,0
30063,민속촌,광주광역시 동구 문화전당로 37-2,https://blog.naver.com/PostView.naver?blogId=dailypaper&logNo=222541817996&redirect=Dlog&widgetTypeCall=true&topReferer=https%3A%2F%2Fpcmap.place.naver.com%2Frestaurant%2F21017118%2Freview%2Fugc%3Ffrom%3Dmap%26fromPanelNum%3D2%26ts%3D1648776177902%26type%3DphotoView&directAccess=false,0
30063,민속촌,광주광역시 동구 문화전당로 37-2,https://blog.naver.com/PostView.naver?blogId=ilove0502i&logNo=222594635088&redirect=Dlog&widgetTypeCall=true&topReferer=https%3A%2F%2Fpcmap.place.naver.com%2Frestaurant%2F21017118%2Freview%2Fugc%3Ffrom%3Dmap%26fromPanelNum%3D2%26ts%3D1648776177902%26type%3DphotoView&directAccess=false,0
30063,민속촌,광주광역시 동구 문화전당로 37-2,https://blog.naver.com/PostView.naver?blogId=in_newyork&logNo=222688220021&redirect=Dlog&widgetTypeCall=true&topReferer=https%3A%2F%2Fpcmap.place.naver.com%2Frestaurant%2F21017118%2Freview%2Fugc%3Ffrom%3Dmap%26fromPanelNum%3D2%26ts%3D1648776177902%26type%3DphotoView&directAccess=false,0
30063,민속촌,광주광역시 동구 문화전당로 37-2,https://blog.naver.com/PostView.naver?blogId=fallkim7942&logNo=222665659125&redirect=Dlog&widgetTypeCall=true&topReferer=https%3A%2F%2Fpcmap.place.naver.com%2Frestaurant%2F21017118%2Freview%2Fugc%3Ffrom%3Dmap%26fromPanelNum%3D2%26ts%3D1648776177902%26type%3DphotoView&directAccess=false,0
30063,민속촌,광주광역시 동구 문화전당로 37-2,https://blog.naver.com/PostView.naver?blogId=pearl1769&logNo=222666005180&redirect=Dlog&widgetTypeCall=true&topReferer=https%3A%2F%2Fpcmap.place.naver.com%2Frestaurant%2F21017118%2Freview%2Fugc%3Ffrom%3Dmap%26fromPanelNum%3D2%26ts%3D1648776177902%26type%3DphotoView&directAccess=false,0
30065,두레식당,광주광역시 동구 구성로194번길 21-1,https://blog.naver.com/PostView.naver?blogId=ssahn5025&logNo=222513213601&redirect=Dlog&widgetTypeCall=true&topReferer=https%3A%2F%2Fpcmap.place.naver.com%2Frestaurant%2F1836389680%2Freview%2Fugc%3Ffrom%3Dmap%26fromPanelNum%3D2%26ts%3D1648776572915%26type%3DphotoView&directAccess=false,0
30065,두레식당,광주광역시 동구 구성로194번길 21-1,https://blog.naver.com/PostView.naver?blogId=howardlee78&logNo=222488174988&redirect=Dlog&widgetTypeCall=true&topReferer=https%3A%2F%2Fpcmap.place.naver.com%2Frestaurant%2F1836389680%2Freview%2Fugc%3Ffrom%3Dmap%26fromPanelNum%3D2%26ts%3D1648776572915%26type%3DphotoView&directAccess=false,0
30065,두레식당,광주광역시 동구 구성로194번길 21-1,https://blog.naver.com/PostView.naver?blogId=ndsibs&logNo=222488039164&redirect=Dlog&widgetTypeCall=true&topReferer=https%3A%2F%2Fpcmap.place.naver.com%2Frestaurant%2F1836389680%2Freview%2Fugc%3Ffrom%3Dmap%26fromPanelNum%3D2%26ts%3D1648776572915%26type%3DphotoView&directAccess=false,0
35130,1515짜장면,광주광역시 동구 서석로85번길 8-10,https://blog.naver.com/PostView.naver?blogId=dasol6426&logNo=222582998091&redirect=Dlog&widgetTypeCall=true&topReferer=https%3A%2F%2Fpcmap.place.naver.com%2Frestaurant%2F21074565%2Freview%2Fugc%3Ffrom%3Dmap%26fromPanelNum%3D2%26ts%3D1648776918594%26type%3DphotoView&directAccess=false,0
35130,1515짜장면,광주광역시 동구 서석로85번길 8-10,https://blog.naver.com/PostView.naver?blogId=2764754&logNo=222563440011&redirect=Dlog&widgetTypeCall=true&topReferer=https%3A%2F%2Fpcmap.place.naver.com%2Frestaurant%2F21074565%2Freview%2Fugc%3Ffrom%3Dmap%26fromPanelNum%3D2%26ts%3D1648776918594%26type%3DphotoView&directAccess=false,0
35130,1515짜장면,광주광역시 동구 서석로85번길 8-10,https://blog.naver.com/PostView.naver?blogId=baer54&logNo=222317339005&redirect=Dlog&widgetTypeCall=true&topReferer=https%3A%2F%2Fpcmap.place.naver.com%2Frestaurant%2F21074565%2Freview%2Fugc%3Ffrom%3Dmap%26fromPanelNum%3D2%26ts%3D1648776918594%26type%3DphotoView&directAccess=false,0
35130,1515짜장면,광주광역시 동구 서석로85번길 8-10,https://blog.naver.com/PostView.naver?blogId=wnstlr7878&logNo=222653378050&redirect=Dlog&widgetTypeCall=true&topReferer=https%3A%2F%2Fpcmap.place.naver.com%2Frestaurant%2F21074565%2Freview%2Fugc%3Ffrom%3Dmap%26fromPanelNum%3D2%26ts%3D1648776918594%26type%3DphotoView&directAccess=false,0
35130,1515짜장면,광주광역시 동구 서석로85번길 8-10,https://blog.naver.com/PostView.naver?blogId=hasung1010&logNo=222660000361&redirect=Dlog&widgetTypeCall=true&topReferer=https%3A%2F%2Fpcmap.place.naver.com%2Frestaurant%2F21074565%2Freview%2Fugc%3Ffrom%3Dmap%26fromPanelNum%3D2%26ts%3D1648776918594%26type%3DphotoView&directAccess=false,0
35133,오대양횟집,광주광역시 동구 동계천로 79,https://blog.naver.com/PostView.naver?blogId=soonhangc&logNo=222654867280&redirect=Dlog&widgetTypeCall=true&topReferer=https%3A%2F%2Fpcmap.place.naver.com%2Frestaurant%2F32059323%2Freview%2Fugc%3Ffrom%3Dmap%26fromPanelNum%3D2%26ts%3D1648777262918%26type%3DphotoView&directAccess=false,0
40745,고려조삼계탕,광주광역시 동구 금남로 231,https://blog.naver.com/PostView.naver?blogId=foreversh31&logNo=221996538610&redirect=Dlog&widgetTypeCall=true&topReferer=https%3A%2F%2Fpcmap.place.naver.com%2Frestaurant%2F19882272%2Freview%2Fugc%3Ffrom%3Dmap%26fromPanelNum%3D2%26ts%3D1648778189830%26type%3DphotoView&directAccess=false,0
40745,고려조삼계탕,광주광역시 동구 금남로 231,https://blog.naver.com/PostView.naver?blogId=might3359&logNo=222552361873&redirect=Dlog&widgetTypeCall=true&topReferer=https%3A%2F%2Fpcmap.place.naver.com%2Frestaurant%2F19882272%2Freview%2Fugc%3Ffrom%3Dmap%26fromPanelNum%3D2%26ts%3D1648778189830%26type%3DphotoView&directAccess=false,0
40745,고려조삼계탕,광주광역시 동구 금남로 231,https://blog.naver.com/PostView.naver?blogId=digest_hyuk&logNo=222465443260&redirect=Dlog&widgetTypeCall=true&topReferer=https%3A%2F%2Fpcmap.place.naver.com%2Frestaurant%2F19882272%2Freview%2Fugc%3Ffrom%3Dmap%26fromPanelNum%3D2%26ts%3D1648778189830%26type%3DphotoView&directAccess=false,0
40745,고려조삼계탕,광주광역시 동구 금남로 231,https://blog.naver.com/PostView.naver?blogId=ju_1448&logNo=222618393325&redirect=Dlog&widgetTypeCall=true&topReferer=https%3A%2F%2Fpcmap.place.naver.com%2Frestaurant%2F19882272%2Freview%2Fugc%3Ffrom%3Dmap%26fromPanelNum%3D2%26ts%3D1648778189830%26type%3DphotoView&directAccess=false,0
40745,고려조삼계탕,광주광역시 동구 금남로 231,https://blog.naver.com/PostView.naver?blogId=yujung4171&logNo=222672331119&redirect=Dlog&widgetTypeCall=true&topReferer=https%3A%2F%2Fpcmap.place.naver.com%2Frestaurant%2F19882272%2Freview%2Fugc%3Ffrom%3Dmap%26fromPanelNum%3D2%26ts%3D1648778189830%26type%3DphotoView&directAccess=false,0
40763,해안식당,광주광역시 동구 제봉로98번길 11-19,https://blog.naver.com/PostView.naver?blogId=idjiny&logNo=222531646294&redirect=Dlog&widgetTypeCall=true&topReferer=https%3A%2F%2Fpcmap.place.naver.com%2Frestaurant%2F1045175410%2Freview%2Fugc%3Ffrom%3Dmap%26fromPanelNum%3D2%26ts%3D1648778463631%26type%3DphotoView&directAccess=false,0
40763,해안식당,광주광역시 동구 제봉로98번길 11-19,https://blog.naver.com/PostView.naver?blogId=147048&logNo=222443736153&redirect=Dlog&widgetTypeCall=true&topReferer=https%3A%2F%2Fpcmap.place.naver.com%2Frestaurant%2F1045175410%2Freview%2Fugc%3Ffrom%3Dmap%26fromPanelNum%3D2%26ts%3D1648778463631%26type%3DphotoView&directAccess=false,1
40763,해안식당,광주광역시 동구 제봉로98번길 11-19,https://blog.naver.com/PostView.naver?blogId=richwoman00&logNo=222661742856&redirect=Dlog&widgetTypeCall=true&topReferer=https%3A%2F%2Fpcmap.place.naver.com%2Frestaurant%2F1045175410%2Freview%2Fugc%3Ffrom%3Dmap%26fromPanelNum%3D2%26ts%3D1648778463631%26type%3DphotoView&directAccess=false,0
40763,해안식당,광주광역시 동구 제봉로98번길 11-19,https://blog.naver.com/PostView.naver?blogId=duswn8470&logNo=222680670507&redirect=Dlog&widgetTypeCall=true&topReferer=https%3A%2F%2Fpcmap.place.naver.com%2Frestaurant%2F1045175410%2Freview%2Fugc%3Ffrom%3Dmap%26fromPanelNum%3D2%26ts%3D1648778463631%26type%3DphotoView&directAccess=false,0
40763,해안식당,광주광역시 동구 제봉로98번길 11-19,https://blog.naver.com/PostView.naver?blogId=myxellos&logNo=222687674573&redirect=Dlog&widgetTypeCall=true&topReferer=https%3A%2F%2Fpcmap.place.naver.com%2Frestaurant%2F1045175410%2Freview%2Fugc%3Ffrom%3Dmap%26fromPanelNum%3D2%26ts%3D1648778463631%26type%3DphotoView&directAccess=false,0
76792,홍도,광주광역시 동구 동계천로 64,https://blog.naver.com/PostView.naver?blogId=bluesky3dj&logNo=222189361144&redirect=Dlog&widgetTypeCall=true&topReferer=https%3A%2F%2Fpcmap.place.naver.com%2Frestaurant%2F15950628%2Freview%2Fugc%3Ffrom%3Dmap%26fromPanelNum%3D2%26ts%3D1648779652244%26type%3DphotoView&directAccess=false,0
76792,홍도,광주광역시 동구 동계천로 64,https://blog.naver.com/PostView.naver?blogId=shsytmom&logNo=221995419065&redirect=Dlog&widgetTypeCall=true&topReferer=https%3A%2F%2Fpcmap.place.naver.com%2Frestaurant%2F15950628%2Freview%2Fugc%3Ffrom%3Dmap%26fromPanelNum%3D2%26ts%3D1648779652244%26type%3DphotoView&directAccess=false,0
76792,홍도,광주광역시 동구 동계천로 64,https://blog.naver.com/PostView.naver?blogId=0685236&logNo=222550909798&redirect=Dlog&widgetTypeCall=true&topReferer=https%3A%2F%2Fpcmap.place.naver.com%2Frestaurant%2F15950628%2Freview%2Fugc%3Ffrom%3Dmap%26fromPanelNum%3D2%26ts%3D1648779652244%26type%3DphotoView&directAccess=false,0
76792,홍도,광주광역시 동구 동계천로 64,https://blog.naver.com/PostView.naver?blogId=ssunyside&logNo=222234960202&redirect=Dlog&widgetTypeCall=true&topReferer=https%3A%2F%2Fpcmap.place.naver.com%2Frestaurant%2F15950628%2Freview%2Fugc%3Ffrom%3Dmap%26fromPanelNum%3D2%26ts%3D1648779652244%26type%3DphotoView&directAccess=false,0
76792,홍도,광주광역시 동구 동계천로 64,https://blog.naver.com/PostView.naver?blogId=blood7715&logNo=222425420250&redirect=Dlog&widgetTypeCall=true&topReferer=https%3A%2F%2Fpcmap.place.naver.com%2Frestaurant%2F15950628%2Freview%2Fugc%3Ffrom%3Dmap%26fromPanelNum%3D2%26ts%3D1648779652244%26type%3DphotoView&directAccess=false,0
76793,본전소머리국밥,광주광역시 동구 동계천로 52-1,https://blog.naver.com/PostView.naver?blogId=ryong0727&logNo=222464147111&redirect=Dlog&widgetTypeCall=true&topReferer=https%3A%2F%2Fpcmap.place.naver.com%2Frestaurant%2F1285346230%2Freview%2Fugc%3Ffrom%3Dmap%26fromPanelNum%3D2%26ts%3D1648780692382%26type%3DphotoView&directAccess=false,0
88400,맛집한겨레,광주광역시 동구 중앙로196번길 11,https://blog.naver.com/PostView.naver?blogId=smallstory81&logNo=222154493824&redirect=Dlog&widgetTypeCall=true&topReferer=https%3A%2F%2Fpcmap.place.naver.com%2Frestaurant%2F1419477891%2Freview%2Fugc%3Ffrom%3Dmap%26fromPanelNum%3D2%26ts%3D1648780994859%26type%3DphotoView&directAccess=false,0
88400,맛집한겨레,광주광역시 동구 중앙로196번길 11,https://blog.naver.com/PostView.naver?blogId=snowflower2021&logNo=222382774401&redirect=Dlog&widgetTypeCall=true&topReferer=https%3A%2F%2Fpcmap.place.naver.com%2Frestaurant%2F1419477891%2Freview%2Fugc%3Ffrom%3Dmap%26fromPanelNum%3D2%26ts%3D1648780994859%26type%3DphotoView&directAccess=false,0
100771,열도지,광주광역시 동구 제봉로82번길 17,https://blog.naver.com/PostView.naver?blogId=eun_ju1029&logNo=222624876708&redirect=Dlog&widgetTypeCall=true&topReferer=https%3A%2F%2Fpcmap.place.naver.com%2Frestaurant%2F1184037257%2Freview%2Fugc%3Ftype%3DphotoView&directAccess=false,0
100771,열도지,광주광역시 동구 제봉로82번길 17,https://blog.naver.com/PostView.naver?blogId=runtob&logNo=222635130603&redirect=Dlog&widgetTypeCall=true&topReferer=https%3A%2F%2Fpcmap.place.naver.com%2Frestaurant%2F1184037257%2Freview%2Fugc%3Ftype%3DphotoView&directAccess=false,0
100771,열도지,광주광역시 동구 제봉로82번길 17,https://blog.naver.com/PostView.naver?blogId=uri7515&logNo=222638812057&redirect=Dlog&widgetTypeCall=true&topReferer=https%3A%2F%2Fpcmap.place.naver.com%2Frestaurant%2F1184037257%2Freview%2Fugc%3Ftype%3DphotoView&directAccess=false,0
100771,열도지,광주광역시 동구 제봉로82번길 17,https://blog.naver.com/PostView.naver?blogId=dlquf1213&logNo=222661385539&redirect=Dlog&widgetTypeCall=true&topReferer=https%3A%2F%2Fpcmap.place.naver.com%2Frestaurant%2F1184037257%2Freview%2Fugc%3Ftype%3DphotoView&directAccess=false,0
100771,열도지,광주광역시 동구 제봉로82번길 17,https://blog.naver.com/PostView.naver?blogId=llrainryuell&logNo=222662205295&redirect=Dlog&widgetTypeCall=true&topReferer=https%3A%2F%2Fpcmap.place.naver.com%2Frestaurant%2F1184037257%2Freview%2Fugc%3Ftype%3DphotoView&directAccess=false,1
100773,동부식당,광주광역시 동구 제봉로82번길 3-1,https://blog.naver.com/PostView.naver?blogId=hslooo&logNo=222549132546&redirect=Dlog&widgetTypeCall=true&topReferer=https%3A%2F%2Fpcmap.place.naver.com%2Frestaurant%2F15973175%2Freview%2Fugc%3Ffrom%3Dmap%26fromPanelNum%3D2%26ts%3D1648782223648%26type%3DphotoView&directAccess=false,0
100773,동부식당,광주광역시 동구 제봉로82번길 3-1,https://blog.naver.com/PostView.naver?blogId=ljeony2&logNo=222562371372&redirect=Dlog&widgetTypeCall=true&topReferer=https%3A%2F%2Fpcmap.place.naver.com%2Frestaurant%2F15973175%2Freview%2Fugc%3Ffrom%3Dmap%26fromPanelNum%3D2%26ts%3D1648782223648%26type%3DphotoView&directAccess=false,0
100773,동부식당,광주광역시 동구 제봉로82번길 3-1,https://blog.naver.com/PostView.naver?blogId=hotelshoe27&logNo=222324921911&redirect=Dlog&widgetTypeCall=true&topReferer=https%3A%2F%2Fpcmap.place.naver.com%2Frestaurant%2F15973175%2Freview%2Fugc%3Ffrom%3Dmap%26fromPanelNum%3D2%26ts%3D1648782223648%26type%3DphotoView&directAccess=false,0
100773,동부식당,광주광역시 동구 제봉로82번길 3-1,https://blog.naver.com/PostView.naver?blogId=s3ovos3&logNo=222459452576&redirect=Dlog&widgetTypeCall=true&topReferer=https%3A%2F%2Fpcmap.place.naver.com%2Frestaurant%2F15973175%2Freview%2Fugc%3Ffrom%3Dmap%26fromPanelNum%3D2%26ts%3D1648782223648%26type%3DphotoView&directAccess=false,0
100773,동부식당,광주광역시 동구 제봉로82번길 3-1,https://blog.naver.com/PostView.naver?blogId=inyeong2&logNo=222612118303&redirect=Dlog&widgetTypeCall=true&topReferer=https%3A%2F%2Fpcmap.place.naver.com%2Frestaurant%2F15973175%2Freview%2Fugc%3Ffrom%3Dmap%26fromPanelNum%3D2%26ts%3D1648782223648%26type%3DphotoView&directAccess=false,0
114308,청진동해장국,광주광역시 동구 구성로194번길 17,https://blog.naver.com/PostView.naver?blogId=iverson93&logNo=222133780252&redirect=Dlog&widgetTypeCall=true&topReferer=https%3A%2F%2Fpcmap.place.naver.com%2Frestaurant%2F19936029%2Freview%2Fugc%3Ffrom%3Dmap%26fromPanelNum%3D2%26ts%3D1648782487518%26type%3DphotoView&directAccess=false,0
114308,청진동해장국,광주광역시 동구 구성로194번길 17,https://blog.naver.com/PostView.naver?blogId=rxh0427&logNo=222597463879&redirect=Dlog&widgetTypeCall=true&topReferer=https%3A%2F%2Fpcmap.place.naver.com%2Frestaurant%2F19936029%2Freview%2Fugc%3Ffrom%3Dmap%26fromPanelNum%3D2%26ts%3D1648782487518%26type%3DphotoView&directAccess=false,0
114308,청진동해장국,광주광역시 동구 구성로194번길 17,https://blog.naver.com/PostView.naver?blogId=heoseunghyun2&logNo=222640553246&redirect=Dlog&widgetTypeCall=true&topReferer=https%3A%2F%2Fpcmap.place.naver.com%2Frestaurant%2F19936029%2Freview%2Fugc%3Ffrom%3Dmap%26fromPanelNum%3D2%26ts%3D1648782487518%26type%3DphotoView&directAccess=false,0
114308,청진동해장국,광주광역시 동구 구성로194번길 17,https://blog.naver.com/PostView.naver?blogId=rxh0427&logNo=222678923033&redirect=Dlog&widgetTypeCall=true&topReferer=https%3A%2F%2Fpcmap.place.naver.com%2Frestaurant%2F19936029%2Freview%2Fugc%3Ffrom%3Dmap%26fromPanelNum%3D2%26ts%3D1648782487518%26type%3DphotoView&directAccess=false,0
130064,잘먹었습니다,광주광역시 동구 구성로194번길 21,https://blog.naver.com/PostView.naver?blogId=dbwjd2358&logNo=222654843202&redirect=Dlog&widgetTypeCall=true&topReferer=https%3A%2F%2Fpcmap.place.naver.com%2Frestaurant%2F1671608523%2Freview%2Fugc%3Ffrom%3Dmap%26fromPanelNum%3D2%26ts%3D1648782745615%26type%3DphotoView&directAccess=false,0
130064,잘먹었습니다,광주광역시 동구 구성로194번길 21,https://blog.naver.com/PostView.naver?blogId=brownhaze&logNo=222671616801&redirect=Dlog&widgetTypeCall=true&topReferer=https%3A%2F%2Fpcmap.place.naver.com%2Frestaurant%2F1671608523%2Freview%2Fugc%3Ffrom%3Dmap%26fromPanelNum%3D2%26ts%3D1648782745615%26type%3DphotoView&directAccess=false,0
130064,잘먹었습니다,광주광역시 동구 구성로194번길 21,https://blog.naver.com/PostView.naver?blogId=blue789456&logNo=222671833247&redirect=Dlog&widgetTypeCall=true&topReferer=https%3A%2F%2Fpcmap.place.naver.com%2Frestaurant%2F1671608523%2Freview%2Fugc%3Ffrom%3Dmap%26fromPanelNum%3D2%26ts%3D1648782745615%26type%3DphotoView&directAccess=false,0
130064,잘먹었습니다,광주광역시 동구 구성로194번길 21,https://blog.naver.com/PostView.naver?blogId=dongkil88&logNo=222680555463&redirect=Dlog&widgetTypeCall=true&topReferer=https%3A%2F%2Fpcmap.place.naver.com%2Frestaurant%2F1671608523%2Freview%2Fugc%3Ffrom%3Dmap%26fromPanelNum%3D2%26ts%3D1648782745615%26type%3DphotoView&directAccess=false,0
130064,잘먹었습니다,광주광역시 동구 구성로194번길 21,https://blog.naver.com/PostView.naver?blogId=p_yesom&logNo=222687341954&redirect=Dlog&widgetTypeCall=true&topReferer=https%3A%2F%2Fpcmap.place.naver.com%2Frestaurant%2F1671608523%2Freview%2Fugc%3Ffrom%3Dmap%26fromPanelNum%3D2%26ts%3D1648782745615%26type%3DphotoView&directAccess=false,0
130081,굴마을,광주광역시 동구 제봉로82번길 3,https://blog.naver.com/PostView.naver?blogId=dlquf1213&logNo=222140973209&redirect=Dlog&widgetTypeCall=true&topReferer=https%3A%2F%2Fpcmap.place.naver.com%2Frestaurant%2F20542824%2Freview%2Fugc%3Ffrom%3Dmap%26fromPanelNum%3D2%26ts%3D1648783199451%26type%3DphotoView&directAccess=false,0
130081,굴마을,광주광역시 동구 제봉로82번길 3,https://blog.naver.com/PostView.naver?blogId=gjgj3331&logNo=222172679121&redirect=Dlog&widgetTypeCall=true&topReferer=https%3A%2F%2Fpcmap.place.naver.com%2Frestaurant%2F20542824%2Freview%2Fugc%3Ffrom%3Dmap%26fromPanelNum%3D2%26ts%3D1648783199451%26type%3DphotoView&directAccess=false,0
130081,굴마을,광주광역시 동구 제봉로82번길 3,https://blog.naver.com/PostView.naver?blogId=pjo_0417&logNo=222019332964&redirect=Dlog&widgetTypeCall=true&topReferer=https%3A%2F%2Fpcmap.place.naver.com%2Frestaurant%2F20542824%2Freview%2Fugc%3Ffrom%3Dmap%26fromPanelNum%3D2%26ts%3D1648783199451%26type%3DphotoView&directAccess=false,0
130108,구수향,광주광역시 동구 예술길 23-6,https://blog.naver.com/PostView.naver?blogId=sharp_storm&logNo=221829107674&redirect=Dlog&widgetTypeCall=true&topReferer=https%3A%2F%2Fpcmap.place.naver.com%2Frestaurant%2F37294495%2Freview%2Fugc%3Ffrom%3Dmap%26fromPanelNum%3D2%26ts%3D1648783697029%26type%3DphotoView&directAccess=false,0
130108,구수향,광주광역시 동구 예술길 23-6,https://blog.naver.com/PostView.naver?blogId=2764754&logNo=222542655604&redirect=Dlog&widgetTypeCall=true&topReferer=https%3A%2F%2Fpcmap.place.naver.com%2Frestaurant%2F37294495%2Freview%2Fugc%3Ffrom%3Dmap%26fromPanelNum%3D2%26ts%3D1648783697029%26type%3DphotoView&directAccess=false,0
130108,구수향,광주광역시 동구 예술길 23-6,https://blog.naver.com/PostView.naver?blogId=md0635&logNo=222563814052&redirect=Dlog&widgetTypeCall=true&topReferer=https%3A%2F%2Fpcmap.place.naver.com%2Frestaurant%2F37294495%2Freview%2Fugc%3Ffrom%3Dmap%26fromPanelNum%3D2%26ts%3D1648783697029%26type%3DphotoView&directAccess=false,0
130108,구수향,광주광역시 동구 예술길 23-6,https://blog.naver.com/PostView.naver?blogId=rxh0427&logNo=222574254976&redirect=Dlog&widgetTypeCall=true&topReferer=https%3A%2F%2Fpcmap.place.naver.com%2Frestaurant%2F37294495%2Freview%2Fugc%3Ffrom%3Dmap%26fromPanelNum%3D2%26ts%3D1648783697029%26type%3DphotoView&directAccess=false,0
130108,구수향,광주광역시 동구 예술길 23-6,https://blog.naver.com/PostView.naver?blogId=dktjd36&logNo=222264753609&redirect=Dlog&widgetTypeCall=true&topReferer=https%3A%2F%2Fpcmap.place.naver.com%2Frestaurant%2F37294495%2Freview%2Fugc%3Ffrom%3Dmap%26fromPanelNum%3D2%26ts%3D1648783697029%26type%3DphotoView&directAccess=false,0
148862,춘자생태탕,광주광역시 동구 제봉로98번길 3,https://blog.naver.com/PostView.naver?blogId=kkimddim&logNo=222534298175&redirect=Dlog&widgetTypeCall=true&topReferer=https%3A%2F%2Fpcmap.place.naver.com%2Frestaurant%2F13299204%2Freview%2Fugc%3Ffrom%3Dmap%26fromPanelNum%3D2%26ts%3D1648784050349%26type%3DphotoView&directAccess=false,0
148862,춘자생태탕,광주광역시 동구 제봉로98번길 3,https://blog.naver.com/PostView.naver?blogId=vera0611&logNo=222568465117&redirect=Dlog&widgetTypeCall=true&topReferer=https%3A%2F%2Fpcmap.place.naver.com%2Frestaurant%2F13299204%2Freview%2Fugc%3Ffrom%3Dmap%26fromPanelNum%3D2%26ts%3D1648784050349%26type%3DphotoView&directAccess=false,0
148862,춘자생태탕,광주광역시 동구 제봉로98번길 3,https://blog.naver.com/PostView.naver?blogId=dnwlstjs7&logNo=222611623676&redirect=Dlog&widgetTypeCall=true&topReferer=https%3A%2F%2Fpcmap.place.naver.com%2Frestaurant%2F13299204%2Freview%2Fugc%3Ffrom%3Dmap%26fromPanelNum%3D2%26ts%3D1648784050349%26type%3DphotoView&directAccess=false,0
148862,춘자생태탕,광주광역시 동구 제봉로98번길 3,https://blog.naver.com/PostView.naver?blogId=hyde3668&logNo=222616939306&redirect=Dlog&widgetTypeCall=true&topReferer=https%3A%2F%2Fpcmap.place.naver.com%2Frestaurant%2F13299204%2Freview%2Fugc%3Ffrom%3Dmap%26fromPanelNum%3D2%26ts%3D1648784050349%26type%3DphotoView&directAccess=false,0
148862,춘자생태탕,광주광역시 동구 제봉로98번길 3,https://blog.naver.com/PostView.naver?blogId=kbcyjyoo&logNo=222664388726&redirect=Dlog&widgetTypeCall=true&topReferer=https%3A%2F%2Fpcmap.place.naver.com%2Frestaurant%2F13299204%2Freview%2Fugc%3Ffrom%3Dmap%26fromPanelNum%3D2%26ts%3D1648784050349%26type%3DphotoView&directAccess=false,0
148889,참뫼,광주광역시 동구 중앙로196번길 23-12,https://blog.naver.com/PostView.naver?blogId=qmfldqmfld11&logNo=222543206522&redirect=Dlog&widgetTypeCall=true&topReferer=https%3A%2F%2Fpcmap.place.naver.com%2Frestaurant%2F15956072%2Freview%2Fugc%3Ffrom%3Dmap%26fromPanelNum%3D2%26ts%3D1648784368725%26type%3DphotoView&directAccess=false,0
148889,참뫼,광주광역시 동구 중앙로196번길 23-12,https://blog.naver.com/PostView.naver?blogId=2764754&logNo=222547878903&redirect=Dlog&widgetTypeCall=true&topReferer=https%3A%2F%2Fpcmap.place.naver.com%2Frestaurant%2F15956072%2Freview%2Fugc%3Ffrom%3Dmap%26fromPanelNum%3D2%26ts%3D1648784368725%26type%3DphotoView&directAccess=false,0
148889,참뫼,광주광역시 동구 중앙로196번길 23-12,https://blog.naver.com/PostView.naver?blogId=rlatmddk4497&logNo=222442440771&redirect=Dlog&widgetTypeCall=true&topReferer=https%3A%2F%2Fpcmap.place.naver.com%2Frestaurant%2F15956072%2Freview%2Fugc%3Ffrom%3Dmap%26fromPanelNum%3D2%26ts%3D1648784368725%26type%3DphotoView&directAccess=false,0
148889,참뫼,광주광역시 동구 중앙로196번길 23-12,https://blog.naver.com/PostView.naver?blogId=jeep303&logNo=222418801112&redirect=Dlog&widgetTypeCall=true&topReferer=https%3A%2F%2Fpcmap.place.naver.com%2Frestaurant%2F15956072%2Freview%2Fugc%3Ffrom%3Dmap%26fromPanelNum%3D2%26ts%3D1648784368725%26type%3DphotoView&directAccess=false,0
148889,참뫼,광주광역시 동구 중앙로196번길 23-12,https://blog.naver.com/PostView.naver?blogId=ywj0928&logNo=222668732669&redirect=Dlog&widgetTypeCall=true&topReferer=https%3A%2F%2Fpcmap.place.naver.com%2Frestaurant%2F15956072%2Freview%2Fugc%3Ffrom%3Dmap%26fromPanelNum%3D2%26ts%3D1648784368725%26type%3DphotoView&directAccess=false,0
171854,고봉민김밥인,광주광역시 동구 중앙로196번길 31-17,https://blog.naver.com/PostView.naver?blogId=ssungstar&logNo=221998077439&redirect=Dlog&widgetTypeCall=true&topReferer=https%3A%2F%2Fpcmap.place.naver.com%2Frestaurant%2F35296600%2Freview%2Fugc%3Ffrom%3Dmap%26fromPanelNum%3D2%26ts%3D1648790320739%26type%3DphotoView&directAccess=false,0
171854,고봉민김밥인,광주광역시 동구 중앙로196번길 31-17,https://blog.naver.com/PostView.naver?blogId=lyk_filmmakers&logNo=222079279943&redirect=Dlog&widgetTypeCall=true&topReferer=https%3A%2F%2Fpcmap.place.naver.com%2Frestaurant%2F35296600%2Freview%2Fugc%3Ffrom%3Dmap%26fromPanelNum%3D2%26ts%3D1648790320739%26type%3DphotoView&directAccess=false,0
171854,고봉민김밥인,광주광역시 동구 중앙로196번길 31-17,https://blog.naver.com/PostView.naver?blogId=hyang2lol&logNo=222249669316&redirect=Dlog&widgetTypeCall=true&topReferer=https%3A%2F%2Fpcmap.place.naver.com%2Frestaurant%2F35296600%2Freview%2Fugc%3Ffrom%3Dmap%26fromPanelNum%3D2%26ts%3D1648784890587%26type%3DphotoView&directAccess=false,0
171854,고봉민김밥인,광주광역시 동구 중앙로196번길 31-17,https://blog.naver.com/PostView.naver?blogId=thddnjswnd&logNo=222352084239&redirect=Dlog&widgetTypeCall=true&topReferer=https%3A%2F%2Fpcmap.place.naver.com%2Frestaurant%2F35296600%2Freview%2Fugc%3Ffrom%3Dmap%26fromPanelNum%3D2%26ts%3D1648790320739%26type%3DphotoView&directAccess=false,0
192508,신불떡볶이,광주광역시 동구 장동로 23-12,https://blog.naver.com/PostView.naver?blogId=0685236&logNo=222646994999&from=search&redirect=Log&widgetTypeCall=true&topReferer=https%3A%2F%2Fsearch.naver.com%2Fsearch.naver%3Fquery%3D%25EC%259E%25A5%25EB%258F%2599%25EB%25A1%259C%2520%25EC%258B%25A0%25EB%25B6%2588%25EB%2596%25A1%25EB%25B3%25B6%25EC%259D%25B4%26nso%3D%26where%3Dblog%26sm%3Dtab_opt&directAccess=false,0
212742,이삭토스트,광주광역시 동구 중앙로196번길 29,https://blog.naver.com/PostView.naver?blogId=ssungstar&logNo=222012117825&redirect=Dlog&widgetTypeCall=true&topReferer=https%3A%2F%2Fpcmap.place.naver.com%2Frestaurant%2F1855338094%2Freview%2Fugc%3Ffrom%3Dmap%26fromPanelNum%3D2%26ts%3D1648790855931%26type%3DphotoView&directAccess=false,0
212742,이삭토스트,광주광역시 동구 중앙로196번길 29,https://blog.naver.com/PostView.naver?blogId=4ever22_&logNo=222266665736&redirect=Dlog&widgetTypeCall=true&topReferer=https%3A%2F%2Fpcmap.place.naver.com%2Frestaurant%2F1855338094%2Freview%2Fugc%3Ffrom%3Dmap%26fromPanelNum%3D2%26ts%3D1648790855931%26type%3DphotoView&directAccess=false,0
212751,수라상,광주광역시 동구 제봉로82번길 13-9,https://blog.naver.com/PostView.naver?blogId=vera0611&logNo=222570973615&redirect=Dlog&widgetTypeCall=true&topReferer=https%3A%2F%2Fpcmap.place.naver.com%2Frestaurant%2F15973666%2Freview%2Fugc%3Ffrom%3Dmap%26fromPanelNum%3D2%26ts%3D1648791169634%26type%3DphotoView&directAccess=false,0
212751,수라상,광주광역시 동구 제봉로82번길 13-9,https://blog.naver.com/PostView.naver?blogId=ohmir4555&logNo=222591966394&redirect=Dlog&widgetTypeCall=true&topReferer=https%3A%2F%2Fpcmap.place.naver.com%2Frestaurant%2F15973666%2Freview%2Fugc%3Ffrom%3Dmap%26fromPanelNum%3D2%26ts%3D1648791440505%26type%3DphotoView&directAccess=false,0
212751,수라상,광주광역시 동구 제봉로82번길 13-9,https://blog.naver.com/PostView.naver?blogId=tpfudskfl&logNo=222263722960&redirect=Dlog&widgetTypeCall=true&topReferer=https%3A%2F%2Fpcmap.place.naver.com%2Frestaurant%2F15973666%2Freview%2Fugc%3Ffrom%3Dmap%26fromPanelNum%3D2%26ts%3D1648791440505%26type%3DphotoView&directAccess=false,0
212751,수라상,광주광역시 동구 제봉로82번길 13-9,https://blog.naver.com/PostView.naver?blogId=rvdgyhappy&logNo=222630688127&redirect=Dlog&widgetTypeCall=true&topReferer=https%3A%2F%2Fpcmap.place.naver.com%2Frestaurant%2F15973666%2Freview%2Fugc%3Ffrom%3Dmap%26fromPanelNum%3D2%26ts%3D1648791169634%26type%3DphotoView&directAccess=false,0
232403,엄마주방,광주광역시 동구 중앙로196번길 29,https://blog.naver.com/PostView.naver?blogId=yeong_pd&logNo=222323218773&redirect=Dlog&widgetTypeCall=true&topReferer=https%3A%2F%2Fpcmap.place.naver.com%2Frestaurant%2F38466841%2Freview%2Fugc%3Ffrom%3Dmap%26fromPanelNum%3D2%26ts%3D1648791728144%26type%3DphotoView&directAccess=false,0
252044,일흥식당,광주광역시 동구 제봉로98번길 6,https://blog.naver.com/PostView.naver?blogId=toll0305&logNo=222580835283&redirect=Dlog&widgetTypeCall=true&topReferer=https%3A%2F%2Fpcmap.place.naver.com%2Frestaurant%2F15973653%2Freview%2Fugc%3Ffrom%3Dmap%26fromPanelNum%3D2%26ts%3D1648791879747%26type%3DphotoView&directAccess=false,0
252050,영성원,광주광역시 동구 제봉로82번길 13-7,https://blog.naver.com/PostView.naver?blogId=baer54&logNo=221765507723&redirect=Dlog&widgetTypeCall=true&topReferer=https%3A%2F%2Fpcmap.place.naver.com%2Frestaurant%2F37921533%2Freview%2Fugc%3Ffrom%3Dmap%26fromPanelNum%3D2%26ts%3D1648792034697%26type%3DphotoView&directAccess=false,0
252050,영성원,광주광역시 동구 제봉로82번길 13-7,https://blog.naver.com/PostView.naver?blogId=jeesue1642&logNo=222082946578&redirect=Dlog&widgetTypeCall=true&topReferer=https%3A%2F%2Fpcmap.place.naver.com%2Frestaurant%2F37921533%2Freview%2Fugc%3Ffrom%3Dmap%26fromPanelNum%3D2%26ts%3D1648792034697%26type%3DphotoView&directAccess=false,0
252050,영성원,광주광역시 동구 제봉로82번길 13-7,https://blog.naver.com/PostView.naver?blogId=dreamchoooi&logNo=222667575489&redirect=Dlog&widgetTypeCall=true&topReferer=https%3A%2F%2Fpcmap.place.naver.com%2Frestaurant%2F37921533%2Freview%2Fugc%3Ffrom%3Dmap%26fromPanelNum%3D2%26ts%3D1648792034697%26type%3DphotoView&directAccess=false,0
272893,마한지,광주광역시 동구 문화전당로 37-2,https://blog.naver.com/PostView.naver?blogId=alswh03&logNo=222584692757&redirect=Dlog&widgetTypeCall=true&topReferer=https%3A%2F%2Fpcmap.place.naver.com%2Frestaurant%2F15970010%2Freview%2Fugc%3Ffrom%3Dmap%26fromPanelNum%3D2%26ts%3D1648792378660%26type%3DphotoView&directAccess=false,0
272893,마한지,광주광역시 동구 문화전당로 37-2,https://blog.naver.com/PostView.naver?blogId=chaos7942&logNo=222344231869&redirect=Dlog&widgetTypeCall=true&topReferer=https%3A%2F%2Fpcmap.place.naver.com%2Frestaurant%2F15970010%2Freview%2Fugc%3Ffrom%3Dmap%26fromPanelNum%3D2%26ts%3D1648792378660%26type%3DphotoView&directAccess=false,0
272893,마한지,광주광역시 동구 문화전당로 37-2,https://blog.naver.com/PostView.naver?blogId=shelter_wo&logNo=222668725449&redirect=Dlog&widgetTypeCall=true&topReferer=https%3A%2F%2Fpcmap.place.naver.com%2Frestaurant%2F15970010%2Freview%2Fugc%3Ffrom%3Dmap%26fromPanelNum%3D2%26ts%3D1648792378660%26type%3DphotoView&directAccess=false,0
272893,마한지,광주광역시 동구 문화전당로 37-2,https://blog.naver.com/PostView.naver?blogId=kihoon_korea&logNo=222680135547&redirect=Dlog&widgetTypeCall=true&topReferer=https%3A%2F%2Fpcmap.place.naver.com%2Frestaurant%2F15970010%2Freview%2Fugc%3Ffrom%3Dmap%26fromPanelNum%3D2%26ts%3D1648792378660%26type%3DphotoView&directAccess=false,0
272893,마한지,광주광역시 동구 문화전당로 37-2,https://blog.naver.com/PostView.naver?blogId=hee1368&logNo=222683846078&redirect=Dlog&widgetTypeCall=true&topReferer=https%3A%2F%2Fpcmap.place.naver.com%2Frestaurant%2F15970010%2Freview%2Fugc%3Ffrom%3Dmap%26fromPanelNum%3D2%26ts%3D1648792378660%26type%3DphotoView&directAccess=false,0
294183,말리화반점,광주광역시 동구 제봉로82번길 13-5,https://blog.naver.com/PostView.naver?blogId=metthew11211&logNo=222605955763&redirect=Dlog&widgetTypeCall=true&topReferer=https%3A%2F%2Fpcmap.place.naver.com%2Frestaurant%2F19878349%2Freview%2Fugc%3Ffrom%3Dmap%26fromPanelNum%3D2%26ts%3D1648792969335%26type%3DphotoView&directAccess=false,0
294183,말리화반점,광주광역시 동구 제봉로82번길 13-5,https://blog.naver.com/PostView.naver?blogId=mji_0228&logNo=222587163699&redirect=Dlog&widgetTypeCall=true&topReferer=https%3A%2F%2Fpcmap.place.naver.com%2Frestaurant%2F19878349%2Freview%2Fugc%3Ffrom%3Dmap%26fromPanelNum%3D2%26ts%3D1648792969335%26type%3DphotoView&directAccess=false,0
294183,말리화반점,광주광역시 동구 제봉로82번길 13-5,https://blog.naver.com/PostView.naver?blogId=chlquf1111&logNo=222636071561&redirect=Dlog&widgetTypeCall=true&topReferer=https%3A%2F%2Fpcmap.place.naver.com%2Frestaurant%2F19878349%2Freview%2Fugc%3Ffrom%3Dmap%26fromPanelNum%3D2%26ts%3D1648792969335%26type%3DphotoView&directAccess=false,0
294183,말리화반점,광주광역시 동구 제봉로82번길 13-5,https://blog.naver.com/PostView.naver?blogId=pssunne&logNo=222647383167&redirect=Dlog&widgetTypeCall=true&topReferer=https%3A%2F%2Fpcmap.place.naver.com%2Frestaurant%2F19878349%2Freview%2Fugc%3Ffrom%3Dmap%26fromPanelNum%3D2%26ts%3D1648792969335%26type%3DphotoView&directAccess=false,0
294183,말리화반점,광주광역시 동구 제봉로82번길 13-5,https://blog.naver.com/PostView.naver?blogId=bom2eyo&logNo=222648267014&redirect=Dlog&widgetTypeCall=true&topReferer=https%3A%2F%2Fpcmap.place.naver.com%2Frestaurant%2F19878349%2Freview%2Fugc%3Ffrom%3Dmap%26fromPanelNum%3D2%26ts%3D1648792969335%26type%3DphotoView&directAccess=false,0
294237,양촌추어탕,광주광역시 동구 예술길 31-13,https://blog.naver.com/PostView.naver?blogId=tnrkd7979&logNo=221772950693&redirect=Dlog&widgetTypeCall=true&topReferer=https%3A%2F%2Fpcmap.place.naver.com%2Frestaurant%2F815637987%2Freview%2Fugc%3Ffrom%3Dmap%26fromPanelNum%3D2%26ts%3D1648793300144%26type%3DphotoView&directAccess=false,0
294237,양촌추어탕,광주광역시 동구 예술길 31-13,https://blog.naver.com/PostView.naver?blogId=hang0155&logNo=222536286860&redirect=Dlog&widgetTypeCall=true&topReferer=https%3A%2F%2Fpcmap.place.naver.com%2Frestaurant%2F815637987%2Freview%2Fugc%3Ffrom%3Dmap%26fromPanelNum%3D2%26ts%3D1648793300144%26type%3DphotoView&directAccess=false,0
294237,양촌추어탕,광주광역시 동구 예술길 31-13,https://blog.naver.com/PostView.naver?blogId=n123n123&logNo=222441369824&redirect=Dlog&widgetTypeCall=true&topReferer=https%3A%2F%2Fpcmap.place.naver.com%2Frestaurant%2F815637987%2Freview%2Fugc%3Ffrom%3Dmap%26fromPanelNum%3D2%26ts%3D1648793300144%26type%3DphotoView&directAccess=false,0
294237,양촌추어탕,광주광역시 동구 예술길 31-13,https://blog.naver.com/PostView.naver?blogId=c_h_u_vely&logNo=222506836462&redirect=Dlog&widgetTypeCall=true&topReferer=https%3A%2F%2Fpcmap.place.naver.com%2Frestaurant%2F815637987%2Freview%2Fugc%3Ffrom%3Dmap%26fromPanelNum%3D2%26ts%3D1648793300144%26type%3DphotoView&directAccess=false,0
294237,양촌추어탕,광주광역시 동구 예술길 31-13,https://blog.naver.com/PostView.naver?blogId=kkimddim&logNo=222661081192&redirect=Dlog&widgetTypeCall=true&topReferer=https%3A%2F%2Fpcmap.place.naver.com%2Frestaurant%2F815637987%2Freview%2Fugc%3Ffrom%3Dmap%26fromPanelNum%3D2%26ts%3D1648793300144%26type%3DphotoView&directAccess=false,0
317292,화랑궁회관,광주광역시 동구 구성로204번길 23,https://blog.naver.com/PostView.naver?blogId=g3803su&logNo=221963866421&redirect=Dlog&widgetTypeCall=true&topReferer=https%3A%2F%2Fpcmap.place.naver.com%2Frestaurant%2F11710898%2Freview%2Fugc%3Ffrom%3Dmap%26fromPanelNum%3D2%26ts%3D1648793610272%26type%3DphotoView&directAccess=false,0
317292,화랑궁회관,광주광역시 동구 구성로204번길 23,https://blog.naver.com/PostView.naver?blogId=de7450&logNo=222369941151&redirect=Dlog&widgetTypeCall=true&topReferer=https%3A%2F%2Fpcmap.place.naver.com%2Frestaurant%2F11710898%2Freview%2Fugc%3Ffrom%3Dmap%26fromPanelNum%3D2%26ts%3D1648793610272%26type%3DphotoView&directAccess=false,0
317292,화랑궁회관,광주광역시 동구 구성로204번길 23,https://blog.naver.com/PostView.naver?blogId=1974bigbear&logNo=222472213117&redirect=Dlog&widgetTypeCall=true&topReferer=https%3A%2F%2Fpcmap.place.naver.com%2Frestaurant%2F11710898%2Freview%2Fugc%3Ffrom%3Dmap%26fromPanelNum%3D2%26ts%3D1648793610272%26type%3DphotoView&directAccess=false,0
371594,산수모밀,광주광역시 동구 중앙로196번길 32,https://blog.naver.com/PostView.naver?blogId=qotmf&logNo=222113973119&redirect=Dlog&widgetTypeCall=true&topReferer=https%3A%2F%2Fpcmap.place.naver.com%2Frestaurant%2F20690589%2Freview%2Fugc%3Ffrom%3Dmap%26fromPanelNum%3D2%26ts%3D1648793930070%26type%3DphotoView&directAccess=false,0
371594,산수모밀,광주광역시 동구 중앙로196번길 32,https://blog.naver.com/PostView.naver?blogId=hicocorabbit84&logNo=222056950423&redirect=Dlog&widgetTypeCall=true&topReferer=https%3A%2F%2Fpcmap.place.naver.com%2Frestaurant%2F20690589%2Freview%2Fugc%3Ffrom%3Dmap%26fromPanelNum%3D2%26ts%3D1648793930070%26type%3DphotoView&directAccess=false,0
371594,산수모밀,광주광역시 동구 중앙로196번길 32,https://blog.naver.com/PostView.naver?blogId=yj_blues&logNo=222057317706&redirect=Dlog&widgetTypeCall=true&topReferer=https%3A%2F%2Fpcmap.place.naver.com%2Frestaurant%2F20690589%2Freview%2Fugc%3Ffrom%3Dmap%26fromPanelNum%3D2%26ts%3D1648793930070%26type%3DphotoView&directAccess=false,0
371615,신신식당,광주광역시 동구 중앙로196번길 18-1,https://blog.naver.com/PostView.naver?blogId=ckongkcong&logNo=222219226157&redirect=Dlog&widgetTypeCall=true&topReferer=https%3A%2F%2Fpcmap.place.naver.com%2Frestaurant%2F1368492789%2Freview%2Fugc%3Ffrom%3Dmap%26fromPanelNum%3D2%26ts%3D1648794407179%26type%3DphotoView&directAccess=false,0
371615,신신식당,광주광역시 동구 중앙로196번길 18-1,https://blog.naver.com/PostView.naver?blogId=cjstkahdk&logNo=222538544306&redirect=Dlog&widgetTypeCall=true&topReferer=https%3A%2F%2Fpcmap.place.naver.com%2Frestaurant%2F1368492789%2Freview%2Fugc%3Ffrom%3Dmap%26fromPanelNum%3D2%26ts%3D1648794407179%26type%3DphotoView&directAccess=false,0
371615,신신식당,광주광역시 동구 중앙로196번길 18-1,https://blog.naver.com/PostView.naver?blogId=jewel6894&logNo=222520403946&redirect=Dlog&widgetTypeCall=true&topReferer=https%3A%2F%2Fpcmap.place.naver.com%2Frestaurant%2F1368492789%2Freview%2Fugc%3Ffrom%3Dmap%26fromPanelNum%3D2%26ts%3D1648794407179%26type%3DphotoView&directAccess=false,0
371615,신신식당,광주광역시 동구 중앙로196번길 18-1,https://blog.naver.com/PostView.naver?blogId=j149837&logNo=222671200470&redirect=Dlog&widgetTypeCall=true&topReferer=https%3A%2F%2Fpcmap.place.naver.com%2Frestaurant%2F1368492789%2Freview%2Fugc%3Ffrom%3Dmap%26fromPanelNum%3D2%26ts%3D1648794407179%26type%3DphotoView&directAccess=false,0
402442,인천닭곰탕,광주광역시 동구 동계천로 81-1,https://blog.naver.com/PostView.naver?blogId=nobia9672&logNo=222012773387&redirect=Dlog&widgetTypeCall=true&topReferer=https%3A%2F%2Fpcmap.place.naver.com%2Frestaurant%2F15956936%2Freview%2Fugc%3Ffrom%3Dmap%26fromPanelNum%3D2%26ts%3D1648794771700%26type%3DphotoView&directAccess=false,0
434702,진진설곰탕,광주광역시 동구 제봉로 183,https://blog.naver.com/PostView.naver?blogId=vomit7523&logNo=222546782355&redirect=Dlog&widgetTypeCall=true&topReferer=https%3A%2F%2Fpcmap.place.naver.com%2Frestaurant%2F1761086295%2Freview%2Fugc%3Ffrom%3Dmap%26fromPanelNum%3D2%26ts%3D1648795146056%26type%3DphotoView&directAccess=false,0
434702,진진설곰탕,광주광역시 동구 제봉로 183,https://blog.naver.com/PostView.naver?blogId=seul6159&logNo=222560732836&redirect=Dlog&widgetTypeCall=true&topReferer=https%3A%2F%2Fpcmap.place.naver.com%2Frestaurant%2F1761086295%2Freview%2Fugc%3Ffrom%3Dmap%26fromPanelNum%3D2%26ts%3D1648795146056%26type%3DphotoView&directAccess=false,0
434702,진진설곰탕,광주광역시 동구 제봉로 183,https://blog.naver.com/PostView.naver?blogId=seul6159&logNo=222560732836&redirect=Dlog&widgetTypeCall=true&topReferer=https%3A%2F%2Fpcmap.place.naver.com%2Frestaurant%2F1761086295%2Freview%2Fugc%3Ffrom%3Dmap%26fromPanelNum%3D2%26ts%3D1648795146056%26type%3DphotoView&directAccess=false,0
434702,진진설곰탕,광주광역시 동구 제봉로 183,https://blog.naver.com/PostView.naver?blogId=jch930814&logNo=222281350716&redirect=Dlog&widgetTypeCall=true&topReferer=https%3A%2F%2Fpcmap.place.naver.com%2Frestaurant%2F1761086295%2Freview%2Fugc%3Ffrom%3Dmap%26fromPanelNum%3D2%26ts%3D1648795146056%26type%3DphotoView&directAccess=false,0
434702,진진설곰탕,광주광역시 동구 제봉로 183,https://blog.naver.com/PostView.naver?blogId=hk00411&logNo=222628832322&redirect=Dlog&widgetTypeCall=true&topReferer=https%3A%2F%2Fpcmap.place.naver.com%2Frestaurant%2F1761086295%2Freview%2Fugc%3Ffrom%3Dmap%26fromPanelNum%3D2%26ts%3D1648795146056%26type%3DphotoView&directAccess=false,0
472224,박순자 녹두집,광주광역시 동구 구성로204번길 26,https://blog.naver.com/PostView.naver?blogId=jihlee86&logNo=222590570866&redirect=Dlog&widgetTypeCall=true&topReferer=https%3A%2F%2Fpcmap.place.naver.com%2Frestaurant%2F13570779%2Freview%2Fugc%3Ffrom%3Dmap%26fromPanelNum%3D2%26ts%3D1648795473832%26type%3DphotoView&directAccess=false,0
472224,박순자 녹두집,광주광역시 동구 구성로204번길 26,https://blog.naver.com/PostView.naver?blogId=gejy10187&logNo=222670736414&redirect=Dlog&widgetTypeCall=true&topReferer=https%3A%2F%2Fpcmap.place.naver.com%2Frestaurant%2F13570779%2Freview%2Fugc%3Ffrom%3Dmap%26fromPanelNum%3D2%26ts%3D1648795473832%26type%3DphotoView&directAccess=false,0
472224,박순자 녹두집,광주광역시 동구 구성로204번길 26,https://blog.naver.com/PostView.naver?blogId=seocyeol&logNo=222668669996&redirect=Dlog&widgetTypeCall=true&topReferer=https%3A%2F%2Fpcmap.place.naver.com%2Frestaurant%2F13570779%2Freview%2Fugc%3Ffrom%3Dmap%26fromPanelNum%3D2%26ts%3D1648795473832%26type%3DphotoView&directAccess=false,0
472224,박순자 녹두집,광주광역시 동구 구성로204번길 26,https://blog.naver.com/PostView.naver?blogId=lawjungpyeong&logNo=222685783373&redirect=Dlog&widgetTypeCall=true&topReferer=https%3A%2F%2Fpcmap.place.naver.com%2Frestaurant%2F13570779%2Freview%2Fugc%3Ffrom%3Dmap%26fromPanelNum%3D2%26ts%3D1648795473832%26type%3DphotoView&directAccess=false,0
472224,박순자 녹두집,광주광역시 동구 구성로204번길 26,https://blog.naver.com/PostView.naver?blogId=7778-&logNo=222688353295&redirect=Dlog&widgetTypeCall=true&topReferer=https%3A%2F%2Fpcmap.place.naver.com%2Frestaurant%2F13570779%2Freview%2Fugc%3Ffrom%3Dmap%26fromPanelNum%3D2%26ts%3D1648795473832%26type%3DphotoView&directAccess=false,0
472307,좋은국밥,광주광역시 동구 중앙로196번길 25,https://blog.naver.com/PostView.naver?blogId=0624564326&logNo=222553183666&redirect=Dlog&widgetTypeCall=true&topReferer=https%3A%2F%2Fpcmap.place.naver.com%2Frestaurant%2F1563552536%2Freview%2Fugc%3Ffrom%3Dmap%26fromPanelNum%3D2%26ts%3D1648795861737%26type%3DphotoView&directAccess=false,0
472307,좋은국밥,광주광역시 동구 중앙로196번길 25,https://blog.naver.com/PostView.naver?blogId=jeonghee6143&logNo=222577326995&redirect=Dlog&widgetTypeCall=true&topReferer=https%3A%2F%2Fpcmap.place.naver.com%2Frestaurant%2F1563552536%2Freview%2Fugc%3Ffrom%3Dmap%26fromPanelNum%3D2%26ts%3D1648795861737%26type%3DphotoView&directAccess=false,0
472307,좋은국밥,광주광역시 동구 중앙로196번길 25,https://blog.naver.com/PostView.naver?blogId=ggb02272&logNo=222602774942&redirect=Dlog&widgetTypeCall=true&topReferer=https%3A%2F%2Fpcmap.place.naver.com%2Frestaurant%2F1563552536%2Freview%2Fugc%3Ffrom%3Dmap%26fromPanelNum%3D2%26ts%3D1648795861737%26type%3DphotoView&directAccess=false,0
472307,좋은국밥,광주광역시 동구 중앙로196번길 25,https://blog.naver.com/PostView.naver?blogId=sophieappeal&logNo=222307299125&redirect=Dlog&widgetTypeCall=true&topReferer=https%3A%2F%2Fpcmap.place.naver.com%2Frestaurant%2F1563552536%2Freview%2Fugc%3Ffrom%3Dmap%26fromPanelNum%3D2%26ts%3D1648795861737%26type%3DphotoView&directAccess=false,0
472307,좋은국밥,광주광역시 동구 중앙로196번길 25,https://blog.naver.com/PostView.naver?blogId=dlfrnjs195&logNo=222615620982&redirect=Dlog&widgetTypeCall=true&topReferer=https%3A%2F%2Fpcmap.place.naver.com%2Frestaurant%2F1563552536%2Freview%2Fugc%3Ffrom%3Dmap%26fromPanelNum%3D2%26ts%3D1648795861737%26type%3DphotoView&directAccess=false,0
472319,시안,광주광역시 동구 구성로204번길 14,https://blog.naver.com/PostView.naver?blogId=ekseh121&logNo=221814442929&redirect=Dlog&widgetTypeCall=true&topReferer=https%3A%2F%2Fpcmap.place.naver.com%2Frestaurant%2F35917728%2Freview%2Fugc%3Ffrom%3Dmap%26fromPanelNum%3D2%26ts%3D1648797318877%26type%3DphotoView&directAccess=false,0
472319,시안,광주광역시 동구 구성로204번길 14,https://blog.naver.com/PostView.naver?blogId=gksqlc642672&logNo=222522260144&redirect=Dlog&widgetTypeCall=true&topReferer=https%3A%2F%2Fpcmap.place.naver.com%2Frestaurant%2F35917728%2Freview%2Fugc%3Ffrom%3Dmap%26fromPanelNum%3D2%26ts%3D1648797318877%26type%3DphotoView&directAccess=false,0
472319,시안,광주광역시 동구 구성로204번길 14,https://blog.naver.com/PostView.naver?blogId=morocamera&logNo=222408514713&redirect=Dlog&widgetTypeCall=true&topReferer=https%3A%2F%2Fpcmap.place.naver.com%2Frestaurant%2F35917728%2Freview%2Fugc%3Ffrom%3Dmap%26fromPanelNum%3D2%26ts%3D1648797318877%26type%3DphotoView&directAccess=false,0
548017,고기집중,광주광역시 동구 충장로 101-23,https://blog.naver.com/PostView.naver?blogId=jewel6894&logNo=222601048361&redirect=Dlog&widgetTypeCall=true&topReferer=https%3A%2F%2Fpcmap.place.naver.com%2Frestaurant%2F1419685791%2Freview%2Fugc%3Ffrom%3Dmap%26fromPanelNum%3D2%26ts%3D1648797545766%26type%3DphotoView&directAccess=false,0
548017,고기집중,광주광역시 동구 충장로 101-23,https://blog.naver.com/PostView.naver?blogId=ohjug&logNo=222669163746&redirect=Dlog&widgetTypeCall=true&topReferer=https%3A%2F%2Fpcmap.place.naver.com%2Frestaurant%2F1419685791%2Freview%2Fugc%3Ffrom%3Dmap%26fromPanelNum%3D2%26ts%3D1648797545766%26type%3DphotoView&directAccess=false,0
548017,고기집중,광주광역시 동구 충장로 101-23,https://blog.naver.com/PostView.naver?blogId=hshy0321&logNo=222661606787&redirect=Dlog&widgetTypeCall=true&topReferer=https%3A%2F%2Fpcmap.place.naver.com%2Frestaurant%2F1419685791%2Freview%2Fugc%3Ffrom%3Dmap%26fromPanelNum%3D2%26ts%3D1648797545766%26type%3DphotoView&directAccess=false,0
548017,고기집중,광주광역시 동구 충장로 101-23,https://blog.naver.com/PostView.naver?blogId=snblog1&logNo=222687833666&redirect=Dlog&widgetTypeCall=true&topReferer=https%3A%2F%2Fpcmap.place.naver.com%2Frestaurant%2F1419685791%2Freview%2Fugc%3Ffrom%3Dmap%26fromPanelNum%3D2%26ts%3D1648797545766%26type%3DphotoView&directAccess=false,0
548017,고기집중,광주광역시 동구 충장로 101-23,https://blog.naver.com/PostView.naver?blogId=gubugi728&logNo=222667886006&redirect=Dlog&widgetTypeCall=true&topReferer=https%3A%2F%2Fpcmap.place.naver.com%2Frestaurant%2F1419685791%2Freview%2Fugc%3Ffrom%3Dmap%26fromPanelNum%3D2%26ts%3D1648797545766%26type%3DphotoView&directAccess=false,0
551033,역전우동0410,광주광역시 동구 충장로 102-2,https://blog.naver.com/PostView.naver?blogId=qkrwi1211&logNo=222583332945&redirect=Dlog&widgetTypeCall=true&topReferer=https%3A%2F%2Fpcmap.place.naver.com%2Frestaurant%2F38232272%2Freview%2Fugc%3Ffrom%3Dmap%26fromPanelNum%3D2%26ts%3D1648797901357%26type%3DphotoView&directAccess=false,0
551033,역전우동0410,광주광역시 동구 충장로 102-2,https://blog.naver.com/PostView.naver?blogId=iqueen226&logNo=222636061118&redirect=Dlog&widgetTypeCall=true&topReferer=https%3A%2F%2Fpcmap.place.naver.com%2Frestaurant%2F38232272%2Freview%2Fugc%3Ffrom%3Dmap%26fromPanelNum%3D2%26ts%3D1648797901357%26type%3DphotoView&directAccess=false,0
551033,역전우동0410,광주광역시 동구 충장로 102-2,https://blog.naver.com/PostView.naver?blogId=nini0425&logNo=222638589534&redirect=Dlog&widgetTypeCall=true&topReferer=https%3A%2F%2Fpcmap.place.naver.com%2Frestaurant%2F38232272%2Freview%2Fugc%3Ffrom%3Dmap%26fromPanelNum%3D2%26ts%3D1648797901357%26type%3DphotoView&directAccess=false,0
551033,역전우동0410,광주광역시 동구 충장로 102-2,https://blog.naver.com/PostView.naver?blogId=my_yeah&logNo=222674227717&redirect=Dlog&widgetTypeCall=true&topReferer=https%3A%2F%2Fpcmap.place.naver.com%2Frestaurant%2F38232272%2Freview%2Fugc%3Ffrom%3Dmap%26fromPanelNum%3D2%26ts%3D1648797901357%26type%3DphotoView&directAccess=false,0
551033,역전우동0410,광주광역시 동구 충장로 102-2,https://blog.naver.com/PostView.naver?blogId=tjbbac&logNo=222668123321&redirect=Dlog&widgetTypeCall=true&topReferer=https%3A%2F%2Fpcmap.place.naver.com%2Frestaurant%2F38232272%2Freview%2Fugc%3Ffrom%3Dmap%26fromPanelNum%3D2%26ts%3D1648797901357%26type%3DphotoView&directAccess=false,0
551051,대접,광주광역시 동구 서석로85번길 8-7,https://blog.naver.com/PostView.naver?blogId=bboyada12&logNo=222542567616&redirect=Dlog&widgetTypeCall=true&topReferer=https%3A%2F%2Fpcmap.place.naver.com%2Frestaurant%2F37750329%2Freview%2Fugc%3Ffrom%3Dmap%26fromPanelNum%3D2%26ts%3D1648798301915%26type%3DphotoView&directAccess=false,0
551051,대접,광주광역시 동구 서석로85번길 8-7,https://blog.naver.com/PostView.naver?blogId=yeong_pd&logNo=222502313677&redirect=Dlog&widgetTypeCall=true&topReferer=https%3A%2F%2Fpcmap.place.naver.com%2Frestaurant%2F37750329%2Freview%2Fugc%3Ffrom%3Dmap%26fromPanelNum%3D2%26ts%3D1648798301915%26type%3DphotoView&directAccess=false,0
551051,대접,광주광역시 동구 서석로85번길 8-7,https://blog.naver.com/PostView.naver?blogId=snow9610&logNo=222621827374&redirect=Dlog&widgetTypeCall=true&topReferer=https%3A%2F%2Fpcmap.place.naver.com%2Frestaurant%2F37750329%2Freview%2Fugc%3Ffrom%3Dmap%26fromPanelNum%3D2%26ts%3D1648798301915%26type%3DphotoView&directAccess=false,0
551051,대접,광주광역시 동구 서석로85번길 8-7,https://blog.naver.com/PostView.naver?blogId=jiove1122&logNo=222622988094&redirect=Dlog&widgetTypeCall=true&topReferer=https%3A%2F%2Fpcmap.place.naver.com%2Frestaurant%2F37750329%2Freview%2Fugc%3Ffrom%3Dmap%26fromPanelNum%3D2%26ts%3D1648798301915%26type%3DphotoView&directAccess=false,0
570011,별채,광주광역시 동구 동명로 24,https://blog.naver.com/PostView.naver?blogId=kimna2007&logNo=221933468761&redirect=Dlog&widgetTypeCall=true&topReferer=https%3A%2F%2Fpcmap.place.naver.com%2Frestaurant%2F38466698%2Freview%2Fugc%3Ffrom%3Dmap%26fromPanelNum%3D2%26ts%3D1648798666953%26type%3DphotoView&directAccess=false,0
587540,고피자,광주광역시 동구 중앙로196번길 31,https://blog.naver.com/PostView.naver?blogId=lmkhope&logNo=221987113748&redirect=Dlog&widgetTypeCall=true&topReferer=https%3A%2F%2Fpcmap.place.naver.com%2Frestaurant%2F1328086677%2Freview%2Fugc%3Ffrom%3Dmap%26fromPanelNum%3D2%26ts%3D1648799252631%26type%3DphotoView&directAccess=false,0
587540,고피자,광주광역시 동구 중앙로196번길 31,https://blog.naver.com/PostView.naver?blogId=baer54&logNo=222317349668&redirect=Dlog&widgetTypeCall=true&topReferer=https%3A%2F%2Fpcmap.place.naver.com%2Frestaurant%2F1328086677%2Freview%2Fugc%3Ffrom%3Dmap%26fromPanelNum%3D2%26ts%3D1648799252631%26type%3DphotoView&directAccess=false,0
587540,고피자,광주광역시 동구 중앙로196번길 31,https://blog.naver.com/PostView.naver?blogId=greenyoung91&logNo=222448362862&redirect=Dlog&widgetTypeCall=true&topReferer=https%3A%2F%2Fpcmap.place.naver.com%2Frestaurant%2F1328086677%2Freview%2Fugc%3Ffrom%3Dmap%26fromPanelNum%3D2%26ts%3D1648799252631%26type%3DphotoView&directAccess=false,0
587540,고피자,광주광역시 동구 중앙로196번길 31,https://blog.naver.com/PostView.naver?blogId=1024sr&logNo=222490224855&redirect=Dlog&widgetTypeCall=true&topReferer=https%3A%2F%2Fpcmap.place.naver.com%2Frestaurant%2F1328086677%2Freview%2Fugc%3Ffrom%3Dmap%26fromPanelNum%3D2%26ts%3D1648799252631%26type%3DphotoView&directAccess=false,0
587540,고피자,광주광역시 동구 중앙로196번길 31,https://blog.naver.com/PostView.naver?blogId=hangaxx&logNo=222619974283&redirect=Dlog&widgetTypeCall=true&topReferer=https%3A%2F%2Fpcmap.place.naver.com%2Frestaurant%2F1328086677%2Freview%2Fugc%3Ffrom%3Dmap%26fromPanelNum%3D2%26ts%3D1648799252631%26type%3DphotoView&directAccess=false,0
589428,시바카레,광주광역시 동구 장동로 11,https://blog.naver.com/PostView.naver?blogId=rbj114&logNo=222673423396&redirect=Dlog&widgetTypeCall=true&topReferer=https%3A%2F%2Fpcmap.place.naver.com%2Frestaurant%2F38674128%2Freview%2Fugc%3Ffrom%3Dmap%26fromPanelNum%3D2%26ts%3D1648799555770%26type%3DphotoView&directAccess=false,0
589428,시바카레,광주광역시 동구 장동로 11,https://blog.naver.com/PostView.naver?blogId=hjfiyfddc23&logNo=222675497206&redirect=Dlog&widgetTypeCall=true&topReferer=https%3A%2F%2Fpcmap.place.naver.com%2Frestaurant%2F38674128%2Freview%2Fugc%3Ffrom%3Dmap%26fromPanelNum%3D2%26ts%3D1648799555770%26type%3DphotoView&directAccess=false,0
589428,시바카레,광주광역시 동구 장동로 11,https://blog.naver.com/PostView.naver?blogId=la_hyo&logNo=222676444832&redirect=Dlog&widgetTypeCall=true&topReferer=https%3A%2F%2Fpcmap.place.naver.com%2Frestaurant%2F38674128%2Freview%2Fugc%3Ffrom%3Dmap%26fromPanelNum%3D2%26ts%3D1648799555770%26type%3DphotoView&directAccess=false,0
589428,시바카레,광주광역시 동구 장동로 11,https://blog.naver.com/PostView.naver?blogId=zxcvb8966&logNo=222685192214&redirect=Dlog&widgetTypeCall=true&topReferer=https%3A%2F%2Fpcmap.place.naver.com%2Frestaurant%2F38674128%2Freview%2Fugc%3Ffrom%3Dmap%26fromPanelNum%3D2%26ts%3D1648799555770%26type%3DphotoView&directAccess=false,0
589428,시바카레,광주광역시 동구 장동로 11,https://blog.naver.com/PostView.naver?blogId=dlgksmf3595&logNo=222666699465&redirect=Dlog&widgetTypeCall=true&topReferer=https%3A%2F%2Fpcmap.place.naver.com%2Frestaurant%2F38674128%2Freview%2Fugc%3Ffrom%3Dmap%26fromPanelNum%3D2%26ts%3D1648799555770%26type%3DphotoView&directAccess=false,0
593167,1966생면파스타,광주광역시 동구 동명로26번길 3,https://blog.naver.com/PostView.naver?blogId=treasure608&logNo=222425707630&redirect=Dlog&widgetTypeCall=true&topReferer=https%3A%2F%2Fpcmap.place.naver.com%2Frestaurant%2F1051403559%2Freview%2Fugc%3Ffrom%3Dmap%26fromPanelNum%3D2%26ts%3D1648799820275%26type%3DphotoView&directAccess=false,0
593167,1966생면파스타,광주광역시 동구 동명로26번길 3,https://blog.naver.com/PostView.naver?blogId=fromantic&logNo=222487180041&redirect=Dlog&widgetTypeCall=true&topReferer=https%3A%2F%2Fpcmap.place.naver.com%2Frestaurant%2F1051403559%2Freview%2Fugc%3Ffrom%3Dmap%26fromPanelNum%3D2%26ts%3D1648799820275%26type%3DphotoView&directAccess=false,0
593167,1966생면파스타,광주광역시 동구 동명로26번길 3,https://blog.naver.com/PostView.naver?blogId=ohjug&logNo=222461128181&redirect=Dlog&widgetTypeCall=true&topReferer=https%3A%2F%2Fpcmap.place.naver.com%2Frestaurant%2F1051403559%2Freview%2Fugc%3Ffrom%3Dmap%26fromPanelNum%3D2%26ts%3D1648799820275%26type%3DphotoView&directAccess=false,0
593167,1966생면파스타,광주광역시 동구 동명로26번길 3,https://blog.naver.com/PostView.naver?blogId=fhdfhdgmlqja&logNo=222631114940&redirect=Dlog&widgetTypeCall=true&topReferer=https%3A%2F%2Fpcmap.place.naver.com%2Frestaurant%2F1051403559%2Freview%2Fugc%3Ffrom%3Dmap%26fromPanelNum%3D2%26ts%3D1648799820275%26type%3DphotoView&directAccess=false,0
593167,1966생면파스타,광주광역시 동구 동명로26번길 3,https://blog.naver.com/PostView.naver?blogId=legosol&logNo=222681867538&redirect=Dlog&widgetTypeCall=true&topReferer=https%3A%2F%2Fpcmap.place.naver.com%2Frestaurant%2F1051403559%2Freview%2Fugc%3Ffrom%3Dmap%26fromPanelNum%3D2%26ts%3D1648799820275%26type%3DphotoView&directAccess=false,0
622808,청춘덮밥,광주광역시 동구 충장로 77-6,https://blog.naver.com/PostView.naver?blogId=fpdh0819&logNo=221797461666&redirect=Dlog&widgetTypeCall=true&topReferer=https%3A%2F%2Fpcmap.place.naver.com%2Frestaurant%2F243335390%2Freview%2Fugc%3Ffrom%3Dmap%26fromPanelNum%3D2%26ts%3D1648800299541%26type%3DphotoView&directAccess=false,0
622808,청춘덮밥,광주광역시 동구 충장로 77-6,https://blog.naver.com/PostView.naver?blogId=1024sr&logNo=222542564427&redirect=Dlog&widgetTypeCall=true&topReferer=https%3A%2F%2Fpcmap.place.naver.com%2Frestaurant%2F243335390%2Freview%2Fugc%3Ffrom%3Dmap%26fromPanelNum%3D2%26ts%3D1648800299541%26type%3DphotoView&directAccess=false,0
622808,청춘덮밥,광주광역시 동구 충장로 77-6,https://blog.naver.com/PostView.naver?blogId=crt4658&logNo=222553718013&redirect=Dlog&widgetTypeCall=true&topReferer=https%3A%2F%2Fpcmap.place.naver.com%2Frestaurant%2F243335390%2Freview%2Fugc%3Ffrom%3Dmap%26fromPanelNum%3D2%26ts%3D1648800299541%26type%3DphotoView&directAccess=false,0
622808,청춘덮밥,광주광역시 동구 충장로 77-6,https://blog.naver.com/PostView.naver?blogId=yeong_pd&logNo=222596658130&redirect=Dlog&widgetTypeCall=true&topReferer=https%3A%2F%2Fpcmap.place.naver.com%2Frestaurant%2F243335390%2Freview%2Fugc%3Ffrom%3Dmap%26fromPanelNum%3D2%26ts%3D1648800299541%26type%3DphotoView&directAccess=false,0
625986,호시마츠라멘,광주광역시 동구 제봉로110번길 15,https://blog.naver.com/PostView.naver?blogId=dnwls5102&logNo=222556655056&redirect=Dlog&widgetTypeCall=true&topReferer=https%3A%2F%2Fpcmap.place.naver.com%2Frestaurant%2F1544295415%2Freview%2Fugc%3Ffrom%3Dmap%26fromPanelNum%3D2%26ts%3D1648800554433%26type%3DphotoView&directAccess=false,0
625986,호시마츠라멘,광주광역시 동구 제봉로110번길 15,https://blog.naver.com/PostView.naver?blogId=hangeuland&logNo=222352548217&redirect=Dlog&widgetTypeCall=true&topReferer=https%3A%2F%2Fpcmap.place.naver.com%2Frestaurant%2F1544295415%2Freview%2Fugc%3Ffrom%3Dmap%26fromPanelNum%3D2%26ts%3D1648800554433%26type%3DphotoView&directAccess=false,0
625986,호시마츠라멘,광주광역시 동구 제봉로110번길 15,https://blog.naver.com/PostView.naver?blogId=luvshine&logNo=222478173663&redirect=Dlog&widgetTypeCall=true&topReferer=https%3A%2F%2Fpcmap.place.naver.com%2Frestaurant%2F1544295415%2Freview%2Fugc%3Ffrom%3Dmap%26fromPanelNum%3D2%26ts%3D1648800554433%26type%3DphotoView&directAccess=false,0
625986,호시마츠라멘,광주광역시 동구 제봉로110번길 15,https://blog.naver.com/PostView.naver?blogId=yonghan422&logNo=222677473164&redirect=Dlog&widgetTypeCall=true&topReferer=https%3A%2F%2Fpcmap.place.naver.com%2Frestaurant%2F1544295415%2Freview%2Fugc%3Ffrom%3Dmap%26fromPanelNum%3D2%26ts%3D1648800554433%26type%3DphotoView&directAccess=false,0
625986,호시마츠라멘,광주광역시 동구 제봉로110번길 15,https://blog.naver.com/PostView.naver?blogId=spring_into&logNo=222681503789&redirect=Dlog&widgetTypeCall=true&topReferer=https%3A%2F%2Fpcmap.place.naver.com%2Frestaurant%2F1544295415%2Freview%2Fugc%3Ffrom%3Dmap%26fromPanelNum%3D2%26ts%3D1648800554433%26type%3DphotoView&directAccess=false,0
633396,밥도둑,광주광역시 동구 제봉로82번길 13,https://blog.naver.com/PostView.naver?blogId=herethereand&logNo=221774224110&redirect=Dlog&widgetTypeCall=true&topReferer=https%3A%2F%2Fpcmap.place.naver.com%2Frestaurant%2F1909161705%2Freview%2Fugc%3Ffrom%3Dmap%26fromPanelNum%3D2%26ts%3D1648801231268%26type%3DphotoView&directAccess=false,0
633396,밥도둑,광주광역시 동구 제봉로82번길 13,https://blog.naver.com/PostView.naver?blogId=ksh07240&logNo=221976834100&redirect=Dlog&widgetTypeCall=true&topReferer=https%3A%2F%2Fpcmap.place.naver.com%2Frestaurant%2F1909161705%2Freview%2Fugc%3Ffrom%3Dmap%26fromPanelNum%3D2%26ts%3D1648801231268%26type%3DphotoView&directAccess=false,0
633396,밥도둑,광주광역시 동구 제봉로82번길 13,https://blog.naver.com/PostView.naver?blogId=2764754&logNo=222549916509&redirect=Dlog&widgetTypeCall=true&topReferer=https%3A%2F%2Fpcmap.place.naver.com%2Frestaurant%2F1909161705%2Freview%2Fugc%3Ffrom%3Dmap%26fromPanelNum%3D2%26ts%3D1648801231268%26type%3DphotoView&directAccess=false,0
633396,밥도둑,광주광역시 동구 제봉로82번길 13,https://blog.naver.com/PostView.naver?blogId=kdh9713973&logNo=222499766241&redirect=Dlog&widgetTypeCall=true&topReferer=https%3A%2F%2Fpcmap.place.naver.com%2Frestaurant%2F1909161705%2Freview%2Fugc%3Ffrom%3Dmap%26fromPanelNum%3D2%26ts%3D1648801231268%26type%3DphotoView&directAccess=false,0
633396,밥도둑,광주광역시 동구 제봉로82번길 13,https://blog.naver.com/PostView.naver?blogId=art_86&logNo=222641372493&redirect=Dlog&widgetTypeCall=true&topReferer=https%3A%2F%2Fpcmap.place.naver.com%2Frestaurant%2F1909161705%2Freview%2Fugc%3Ffrom%3Dmap%26fromPanelNum%3D2%26ts%3D1648801231268%26type%3DphotoView&directAccess=false,0
674917,신묘한 곱도리식당,광주광역시 동구 서석로 34-3,https://blog.naver.com/PostView.naver?blogId=ohjug&logNo=222575796892&redirect=Dlog&widgetTypeCall=true&topReferer=https%3A%2F%2Fpcmap.place.naver.com%2Frestaurant%2F1035197633%2Freview%2Fugc%3Ffrom%3Dmap%26fromPanelNum%3D2%26ts%3D1648801676431%26type%3DphotoView&directAccess=false,0
674917,신묘한 곱도리식당,광주광역시 동구 서석로 34-3,https://blog.naver.com/PostView.naver?blogId=ycru&logNo=222273039255&redirect=Dlog&widgetTypeCall=true&topReferer=https%3A%2F%2Fpcmap.place.naver.com%2Frestaurant%2F1035197633%2Freview%2Fugc%3Ffrom%3Dmap%26fromPanelNum%3D2%26ts%3D1648801676431%26type%3DphotoView&directAccess=false,0
674917,신묘한 곱도리식당,광주광역시 동구 서석로 34-3,https://blog.naver.com/PostView.naver?blogId=2131121&logNo=222624703241&redirect=Dlog&widgetTypeCall=true&topReferer=https%3A%2F%2Fpcmap.place.naver.com%2Frestaurant%2F1035197633%2Freview%2Fugc%3Ffrom%3Dmap%26fromPanelNum%3D2%26ts%3D1648801676431%26type%3DphotoView&directAccess=false,0
674917,신묘한 곱도리식당,광주광역시 동구 서석로 34-3,https://blog.naver.com/PostView.naver?blogId=hk00411&logNo=222640538401&redirect=Dlog&widgetTypeCall=true&topReferer=https%3A%2F%2Fpcmap.place.naver.com%2Frestaurant%2F1035197633%2Freview%2Fugc%3Ffrom%3Dmap%26fromPanelNum%3D2%26ts%3D1648801676431%26type%3DphotoView&directAccess=false,0
674917,신묘한 곱도리식당,광주광역시 동구 서석로 34-3,https://blog.naver.com/PostView.naver?blogId=adam0902&logNo=222672723521&redirect=Dlog&widgetTypeCall=true&topReferer=https%3A%2F%2Fpcmap.place.naver.com%2Frestaurant%2F1035197633%2Freview%2Fugc%3Ffrom%3Dmap%26fromPanelNum%3D2%26ts%3D1648801676431%26type%3DphotoView&directAccess=false,0
690480,돈부리바쇼 유메노덴,광주광역시 동구 동명로20번길 16,https://blog.naver.com/PostView.naver?blogId=yangs7149&logNo=222535818635&redirect=Dlog&widgetTypeCall=true&topReferer=https%3A%2F%2Fpcmap.place.naver.com%2Frestaurant%2F1509347197%2Freview%2Fugc%3Ffrom%3Dmap%26fromPanelNum%3D2%26ts%3D1648802462268%26type%3DphotoView&directAccess=false,0
690480,돈부리바쇼 유메노덴,광주광역시 동구 동명로20번길 16,https://blog.naver.com/PostView.naver?blogId=bkbkks&logNo=222609713056&redirect=Dlog&widgetTypeCall=true&topReferer=https%3A%2F%2Fpcmap.place.naver.com%2Frestaurant%2F1509347197%2Freview%2Fugc%3Ffrom%3Dmap%26fromPanelNum%3D2%26ts%3D1648802462268%26type%3DphotoView&directAccess=false,0
690480,돈부리바쇼 유메노덴,광주광역시 동구 동명로20번길 16,https://blog.naver.com/PostView.naver?blogId=jyoon3741&logNo=222622948812&redirect=Dlog&widgetTypeCall=true&topReferer=https%3A%2F%2Fpcmap.place.naver.com%2Frestaurant%2F1509347197%2Freview%2Fugc%3Ffrom%3Dmap%26fromPanelNum%3D2%26ts%3D1648802462268%26type%3DphotoView&directAccess=false,0
690480,돈부리바쇼 유메노덴,광주광역시 동구 동명로20번길 16,https://blog.naver.com/PostView.naver?blogId=yuri5157&logNo=222686705410&redirect=Dlog&widgetTypeCall=true&topReferer=https%3A%2F%2Fpcmap.place.naver.com%2Frestaurant%2F1509347197%2Freview%2Fugc%3Ffrom%3Dmap%26fromPanelNum%3D2%26ts%3D1648802462268%26type%3DphotoView&directAccess=false,0
690480,돈부리바쇼 유메노덴,광주광역시 동구 동명로20번길 16,https://blog.naver.com/PostView.naver?blogId=hyein5875&logNo=222686327049&redirect=Dlog&widgetTypeCall=true&topReferer=https%3A%2F%2Fpcmap.place.naver.com%2Frestaurant%2F1509347197%2Freview%2Fugc%3Ffrom%3Dmap%26fromPanelNum%3D2%26ts%3D1648802462268%26type%3DphotoView&directAccess=false,0
703790,손수김밥,광주광역시 동구 예술길 34,https://blog.naver.com/PostView.naver?blogId=bbba97&logNo=222119222388&redirect=Dlog&widgetTypeCall=true&topReferer=https%3A%2F%2Fpcmap.place.naver.com%2Frestaurant%2F1039561058%2Freview%2Fugc%3Ffrom%3Dmap%26fromPanelNum%3D2%26ts%3D1648802748423%26type%3DphotoView&directAccess=false,0
703790,손수김밥,광주광역시 동구 예술길 34,https://blog.naver.com/PostView.naver?blogId=doryung0_0&logNo=221855600686&redirect=Dlog&widgetTypeCall=true&topReferer=https%3A%2F%2Fpcmap.place.naver.com%2Frestaurant%2F1039561058%2Freview%2Fugc%3Ffrom%3Dmap%26fromPanelNum%3D2%26ts%3D1648802748423%26type%3DphotoView&directAccess=false,0
703790,손수김밥,광주광역시 동구 예술길 34,https://blog.naver.com/PostView.naver?blogId=dmstnr707&logNo=221921495553&redirect=Dlog&widgetTypeCall=true&topReferer=https%3A%2F%2Fpcmap.place.naver.com%2Frestaurant%2F1039561058%2Freview%2Fugc%3Ffrom%3Dmap%26fromPanelNum%3D2%26ts%3D1648802748423%26type%3DphotoView&directAccess=false,0
703790,손수김밥,광주광역시 동구 예술길 34,https://blog.naver.com/PostView.naver?blogId=yammy_garden&logNo=222624976968&redirect=Dlog&widgetTypeCall=true&topReferer=https%3A%2F%2Fpcmap.place.naver.com%2Frestaurant%2F1039561058%2Freview%2Fugc%3Ffrom%3Dmap%26fromPanelNum%3D2%26ts%3D1648802748423%26type%3DphotoView&directAccess=false,0
705385,시골집,광주광역시 동구 제봉로110번길 21,https://blog.naver.com/PostView.naver?blogId=treasure608&logNo=221947796791&redirect=Dlog&widgetTypeCall=true&topReferer=https%3A%2F%2Fpcmap.place.naver.com%2Frestaurant%2F1769818339%2Freview%2Fugc%3Ffrom%3Dmap%26fromPanelNum%3D2%26ts%3D1648802999665%26type%3DphotoView&directAccess=false,0
705385,시골집,광주광역시 동구 제봉로110번길 21,https://blog.naver.com/PostView.naver?blogId=asa4209&logNo=222532596409&redirect=Dlog&widgetTypeCall=true&topReferer=https%3A%2F%2Fpcmap.place.naver.com%2Frestaurant%2F1769818339%2Freview%2Fugc%3Ffrom%3Dmap%26fromPanelNum%3D2%26ts%3D1648802999665%26type%3DphotoView&directAccess=false,0
705385,시골집,광주광역시 동구 제봉로110번길 21,https://blog.naver.com/PostView.naver?blogId=obh1680&logNo=222596702740&redirect=Dlog&widgetTypeCall=true&topReferer=https%3A%2F%2Fpcmap.place.naver.com%2Frestaurant%2F1769818339%2Freview%2Fugc%3Ffrom%3Dmap%26fromPanelNum%3D2%26ts%3D1648802999665%26type%3DphotoView&directAccess=false,0
705385,시골집,광주광역시 동구 제봉로110번길 21,https://blog.naver.com/PostView.naver?blogId=kkjjaa7129&logNo=222320521855&redirect=Dlog&widgetTypeCall=true&topReferer=https%3A%2F%2Fpcmap.place.naver.com%2Frestaurant%2F1769818339%2Freview%2Fugc%3Ffrom%3Dmap%26fromPanelNum%3D2%26ts%3D1648802999665%26type%3DphotoView&directAccess=false,0
705385,시골집,광주광역시 동구 제봉로110번길 21,https://blog.naver.com/PostView.naver?blogId=juju1452&logNo=222660636131&redirect=Dlog&widgetTypeCall=true&topReferer=https%3A%2F%2Fpcmap.place.naver.com%2Frestaurant%2F1769818339%2Freview%2Fugc%3Ffrom%3Dmap%26fromPanelNum%3D2%26ts%3D1648802999665%26type%3DphotoView&directAccess=false,0
715737,서울깍두기,광주광역시 동구 서석로 41-1,https://blog.naver.com/PostView.naver?blogId=jsam0519&logNo=222685543109&redirect=Dlog&widgetTypeCall=true&topReferer=https%3A%2F%2Fpcmap.place.naver.com%2Frestaurant%2F1331040427%2Freview%2Fugc%3Ffrom%3Dmap%26fromPanelNum%3D2%26ts%3D1649031955169%26type%3DphotoView&directAccess=false,1
715737,서울깍두기,광주광역시 동구 서석로 41-1,https://blog.naver.com/PostView.naver?blogId=tmfqls1229&logNo=222685195553&redirect=Dlog&widgetTypeCall=true&topReferer=https%3A%2F%2Fpcmap.place.naver.com%2Frestaurant%2F1331040427%2Freview%2Fugc%3Ffrom%3Dmap%26fromPanelNum%3D2%26ts%3D1649031955169%26type%3DphotoView&directAccess=false,1
715737,서울깍두기,광주광역시 동구 서석로 41-1,https://blog.naver.com/PostView.naver?blogId=jujupnara2&logNo=222685899906&redirect=Dlog&widgetTypeCall=true&topReferer=https%3A%2F%2Fpcmap.place.naver.com%2Frestaurant%2F1331040427%2Freview%2Fugc%3Ffrom%3Dmap%26fromPanelNum%3D2%26ts%3D1649031955169%26type%3DphotoView&directAccess=false,1
715737,서울깍두기,광주광역시 동구 서석로 41-1,https://blog.naver.com/PostView.naver?blogId=rkdldhtm&logNo=222686165917&redirect=Dlog&widgetTypeCall=true&topReferer=https%3A%2F%2Fpcmap.place.naver.com%2Frestaurant%2F1331040427%2Freview%2Fugc%3Ffrom%3Dmap%26fromPanelNum%3D2%26ts%3D1649031955169%26type%3DphotoView&directAccess=false,1
715737,서울깍두기,광주광역시 동구 서석로 41-1,https://blog.naver.com/PostView.naver?blogId=kks6084819&logNo=222689051133&redirect=Dlog&widgetTypeCall=true&topReferer=https%3A%2F%2Fpcmap.place.naver.com%2Frestaurant%2F1331040427%2Freview%2Fugc%3Ffrom%3Dmap%26fromPanelNum%3D2%26ts%3D1649031955169%26type%3DphotoView&directAccess=false,0
723663,통큰경양식,광주광역시 동구 금남로 246,https://blog.naver.com/PostView.naver?blogId=yunjuhap&logNo=221943200963&redirect=Dlog&widgetTypeCall=true&topReferer=https%3A%2F%2Fpcmap.place.naver.com%2Frestaurant%2F1863057331%2Freview%2Fugc%3Ffrom%3Dmap%26fromPanelNum%3D2%26ts%3D1649033340590%26type%3DphotoView&directAccess=false,1
723663,통큰경양식,광주광역시 동구 금남로 246,https://blog.naver.com/PostView.naver?blogId=hyang2lol&logNo=222244846583&redirect=Dlog&widgetTypeCall=true&topReferer=https%3A%2F%2Fpcmap.place.naver.com%2Frestaurant%2F1863057331%2Freview%2Fugc%3Ffrom%3Dmap%26fromPanelNum%3D2%26ts%3D1649033340590%26type%3DphotoView&directAccess=false,0
723663,통큰경양식,광주광역시 동구 금남로 246,https://blog.naver.com/PostView.naver?blogId=hhyunk49&logNo=222327184627&redirect=Dlog&widgetTypeCall=true&topReferer=https%3A%2F%2Fpcmap.place.naver.com%2Frestaurant%2F1863057331%2Freview%2Fugc%3Ffrom%3Dmap%26fromPanelNum%3D2%26ts%3D1649033340590%26type%3DphotoView&directAccess=false,1
723663,통큰경양식,광주광역시 동구 금남로 246,https://blog.naver.com/PostView.naver?blogId=haelee0321&logNo=222338631843&redirect=Dlog&widgetTypeCall=true&topReferer=https%3A%2F%2Fpcmap.place.naver.com%2Frestaurant%2F1863057331%2Freview%2Fugc%3Ffrom%3Dmap%26fromPanelNum%3D2%26ts%3D1649033340590%26type%3DphotoView&directAccess=false,1
723663,통큰경양식,광주광역시 동구 금남로 246,https://blog.naver.com/PostView.naver?blogId=moon_1515&logNo=222409717272&redirect=Dlog&widgetTypeCall=true&topReferer=https%3A%2F%2Fpcmap.place.naver.com%2Frestaurant%2F1863057331%2Freview%2Fugc%3Ffrom%3Dmap%26fromPanelNum%3D2%26ts%3D1649033340590%26type%3DphotoView&directAccess=false,0
742604,칠우불고기,광주광역시 동구 제봉로 195,https://blog.naver.com/PostView.naver?blogId=blood7715&logNo=222399130576&redirect=Dlog&widgetTypeCall=true&topReferer=https%3A%2F%2Fpcmap.place.naver.com%2Frestaurant%2F15948292%2Freview%2Fugc%3Ffrom%3Dmap%26fromPanelNum%3D2%26ts%3D1649034803189%26type%3DphotoView&directAccess=false,0
742604,칠우불고기,광주광역시 동구 제봉로 195,https://blog.naver.com/PostView.naver?blogId=mjy198064&logNo=222662033426&redirect=Dlog&widgetTypeCall=true&topReferer=https%3A%2F%2Fpcmap.place.naver.com%2Frestaurant%2F15948292%2Freview%2Fugc%3Ffrom%3Dmap%26fromPanelNum%3D2%26ts%3D1649034803189%26type%3DphotoView&directAccess=false,0
742604,칠우불고기,광주광역시 동구 제봉로 195,https://blog.naver.com/PostView.naver?blogId=skono1004&logNo=222679804246&redirect=Dlog&widgetTypeCall=true&topReferer=https%3A%2F%2Fpcmap.place.naver.com%2Frestaurant%2F15948292%2Freview%2Fugc%3Ffrom%3Dmap%26fromPanelNum%3D2%26ts%3D1649034803189%26type%3DphotoView&directAccess=false,0
742604,칠우불고기,광주광역시 동구 제봉로 195,https://blog.naver.com/PostView.naver?blogId=saging92&logNo=222683113387&redirect=Dlog&widgetTypeCall=true&topReferer=https%3A%2F%2Fpcmap.place.naver.com%2Frestaurant%2F15948292%2Freview%2Fugc%3Ffrom%3Dmap%26fromPanelNum%3D2%26ts%3D1649034803189%26type%3DphotoView&directAccess=false,0
759638,롯데리아,광주광역시 동구 충장로 77-7,https://blog.naver.com/PostView.naver?blogId=zmssnsk04&logNo=222101877529&redirect=Dlog&widgetTypeCall=true&topReferer=https%3A%2F%2Fpcmap.place.naver.com%2Frestaurant%2F1346074944%2Freview%2Fugc%3Ffrom%3Dmap%26fromPanelNum%3D2%26ts%3D1649035271867%26type%3DphotoView&directAccess=false,0
759638,롯데리아,광주광역시 동구 충장로 77-7,https://blog.naver.com/PostView.naver?blogId=qmffkrm1&logNo=222295974348&redirect=Dlog&widgetTypeCall=true&topReferer=https%3A%2F%2Fpcmap.place.naver.com%2Frestaurant%2F1346074944%2Freview%2Fugc%3Ffrom%3Dmap%26fromPanelNum%3D2%26ts%3D1649035271867%26type%3DphotoView&directAccess=false,0
796823,전부,광주광역시 동구 동명로20번길 6,https://blog.naver.com/PostView.naver?blogId=gkgk319&logNo=222549769617&redirect=Dlog&widgetTypeCall=true&topReferer=https%3A%2F%2Fpcmap.place.naver.com%2Frestaurant%2F1336807135%2Freview%2Fugc%3Ffrom%3Dmap%26fromPanelNum%3D2%26ts%3D1649036422747%26type%3DphotoView&directAccess=false,0
796823,전부,광주광역시 동구 동명로20번길 6,https://blog.naver.com/PostView.naver?blogId=corhdwn31&logNo=222561378919&redirect=Dlog&widgetTypeCall=true&topReferer=https%3A%2F%2Fpcmap.place.naver.com%2Frestaurant%2F1336807135%2Freview%2Fugc%3Ffrom%3Dmap%26fromPanelNum%3D2%26ts%3D1649036422747%26type%3DphotoView&directAccess=false,0
796823,전부,광주광역시 동구 동명로20번길 6,https://blog.naver.com/PostView.naver?blogId=os1344&logNo=222603545228&redirect=Dlog&widgetTypeCall=true&topReferer=https%3A%2F%2Fpcmap.place.naver.com%2Frestaurant%2F1336807135%2Freview%2Fugc%3Ffrom%3Dmap%26fromPanelNum%3D2%26ts%3D1649036422747%26type%3DphotoView&directAccess=false,0
796823,전부,광주광역시 동구 동명로20번길 6,https://blog.naver.com/PostView.naver?blogId=jjo_jjin&logNo=222610325387&redirect=Dlog&widgetTypeCall=true&topReferer=https%3A%2F%2Fpcmap.place.naver.com%2Frestaurant%2F1336807135%2Freview%2Fugc%3Ffrom%3Dmap%26fromPanelNum%3D2%26ts%3D1649036422747%26type%3DphotoView&directAccess=false,0
796823,전부,광주광역시 동구 동명로20번길 6,https://blog.naver.com/PostView.naver?blogId=tlstjfdk2&logNo=222648015143&redirect=Dlog&widgetTypeCall=true&topReferer=https%3A%2F%2Fpcmap.place.naver.com%2Frestaurant%2F1336807135%2Freview%2Fugc%3Ffrom%3Dmap%26fromPanelNum%3D2%26ts%3D1649036422747%26type%3DphotoView&directAccess=false,0
797572,고향청국장,광주광역시 동구 중앙로 224-1,https://blog.naver.com/PostView.naver?blogId=escptp87&logNo=222205926109&redirect=Dlog&widgetTypeCall=true&topReferer=https%3A%2F%2Fpcmap.place.naver.com%2Frestaurant%2F1765026729%2Freview%2Fugc%3Ffrom%3Dmap%26fromPanelNum%3D2%26ts%3D1649038493778%26type%3DphotoView&directAccess=false,0
800752,궁동시골밥상,광주광역시 동구 중앙로 216,https://blog.naver.com/PostView.naver?blogId=escptp87&logNo=222165766623&redirect=Dlog&widgetTypeCall=true&topReferer=https%3A%2F%2Fpcmap.place.naver.com%2Frestaurant%2F1325639789%2Freview%2Fugc%3Ffrom%3Dmap%26fromPanelNum%3D2%26ts%3D1649038733450%26type%3DphotoView&directAccess=false,0
800752,궁동시골밥상,광주광역시 동구 중앙로 216,https://blog.naver.com/PostView.naver?blogId=pingkyak&logNo=222575710345&from=search&redirect=Log&widgetTypeCall=true&topReferer=https%3A%2F%2Fsearch.naver.com%2Fsearch.naver%3Fquery%3D%25EA%25B6%2581%25EB%258F%2599%25EC%258B%259C%25EA%25B3%25A8%25EB%25B0%25A5%25EC%2583%2581%26nso%3D%26where%3Dblog%26sm%3Dtab_viw.all&directAccess=false,0
801173,마네키,광주광역시 동구 동계천로 132,https://blog.naver.com/PostView.naver?blogId=2131121&logNo=222627323019&redirect=Dlog&widgetTypeCall=true&topReferer=https%3A%2F%2Fpcmap.place.naver.com%2Frestaurant%2F38412157%2Freview%2Fugc%3Ffrom%3Dmap%26fromPanelNum%3D2%26ts%3D1649039195313%26type%3DphotoView&directAccess=false,0
801173,마네키,광주광역시 동구 동계천로 132,https://blog.naver.com/PostView.naver?blogId=yeong_pd&logNo=222629551637&redirect=Dlog&widgetTypeCall=true&topReferer=https%3A%2F%2Fpcmap.place.naver.com%2Frestaurant%2F38412157%2Freview%2Fugc%3Ffrom%3Dmap%26fromPanelNum%3D2%26ts%3D1649039195313%26type%3DphotoView&directAccess=false,0
801173,마네키,광주광역시 동구 동계천로 132,https://blog.naver.com/PostView.naver?blogId=un6410&logNo=222683389707&redirect=Dlog&widgetTypeCall=true&topReferer=https%3A%2F%2Fpcmap.place.naver.com%2Frestaurant%2F38412157%2Freview%2Fugc%3Ffrom%3Dmap%26fromPanelNum%3D2%26ts%3D1649039195313%26type%3DphotoView&directAccess=false,0
801173,마네키,광주광역시 동구 동계천로 132,https://blog.naver.com/PostView.naver?blogId=rvdgyhappy&logNo=222660872055&redirect=Dlog&widgetTypeCall=true&topReferer=https%3A%2F%2Fpcmap.place.naver.com%2Frestaurant%2F38412157%2Freview%2Fugc%3Ffrom%3Dmap%26fromPanelNum%3D2%26ts%3D1649039195313%26type%3DphotoView&directAccess=false,0
801542,하동정,광주광역시 동구 중앙로196번길 20,https://blog.naver.com/PostView.naver?blogId=hahaha0678&logNo=222205573345&from=search&redirect=Log&widgetTypeCall=true&topReferer=https%3A%2F%2Fsearch.naver.com%2Fsearch.naver%3Fwhere%3Dblog%26query%3D%25ED%2595%2598%25EB%258F%2599%25EC%25A0%2595%2520%25EC%25B6%25A9%25EC%259E%25A5%25EB%25A1%259C%26sm%3Dtab_opt%26nso%3Dso%253Add%252Cp%253Aall&directAccess=false,0
832711,소복,광주광역시 동구 장동로 19,https://blog.naver.com/PostView.naver?blogId=liri33&logNo=222455603114&redirect=Dlog&widgetTypeCall=true&topReferer=https%3A%2F%2Fpcmap.place.naver.com%2Frestaurant%2F1914340600%2Freview%2Fugc%3Ffrom%3Dmap%26fromPanelNum%3D2%26ts%3D1649041840737%26type%3DphotoView&directAccess=false,0
832711,소복,광주광역시 동구 장동로 19,https://blog.naver.com/PostView.naver?blogId=os1344&logNo=222456947077&redirect=Dlog&widgetTypeCall=true&topReferer=https%3A%2F%2Fpcmap.place.naver.com%2Frestaurant%2F1914340600%2Freview%2Fugc%3Ffrom%3Dmap%26fromPanelNum%3D2%26ts%3D1649041840737%26type%3DphotoView&directAccess=false,0
832711,소복,광주광역시 동구 장동로 19,https://blog.naver.com/PostView.naver?blogId=sebomi_&logNo=222677555768&redirect=Dlog&widgetTypeCall=true&topReferer=https%3A%2F%2Fpcmap.place.naver.com%2Frestaurant%2F1914340600%2Freview%2Fugc%3Ffrom%3Dmap%26fromPanelNum%3D2%26ts%3D1649041840737%26type%3DphotoView&directAccess=false,0
832711,소복,광주광역시 동구 장동로 19,https://blog.naver.com/PostView.naver?blogId=wnwltn10&logNo=222683058401&redirect=Dlog&widgetTypeCall=true&topReferer=https%3A%2F%2Fpcmap.place.naver.com%2Frestaurant%2F1914340600%2Freview%2Fugc%3Ffrom%3Dmap%26fromPanelNum%3D2%26ts%3D1649041840737%26type%3DphotoView&directAccess=false,0
832711,소복,광주광역시 동구 장동로 19,https://blog.naver.com/PostView.naver?blogId=tnals7166&logNo=222690606946&redirect=Dlog&widgetTypeCall=true&topReferer=https%3A%2F%2Fpcmap.place.naver.com%2Frestaurant%2F1914340600%2Freview%2Fugc%3Ffrom%3Dmap%26fromPanelNum%3D2%26ts%3D1649041840737%26type%3DphotoView&directAccess=false,0
845019,솔밭솥밥,광주광역시 동구 동명로 9-5,https://blog.naver.com/PostView.naver?blogId=o_luvp&logNo=222599606223&redirect=Dlog&widgetTypeCall=true&topReferer=https%3A%2F%2Fpcmap.place.naver.com%2Frestaurant%2F1661269036%2Freview%2Fugc%3Ffrom%3Dmap%26fromPanelNum%3D2%26ts%3D1649042293445%26type%3DphotoView&directAccess=false,0
845019,솔밭솥밥,광주광역시 동구 동명로 9-5,https://blog.naver.com/PostView.naver?blogId=toy3987&logNo=222620188682&redirect=Dlog&widgetTypeCall=true&topReferer=https%3A%2F%2Fpcmap.place.naver.com%2Frestaurant%2F1661269036%2Freview%2Fugc%3Ffrom%3Dmap%26fromPanelNum%3D2%26ts%3D1649042293445%26type%3DphotoView&directAccess=false,0
845019,솔밭솥밥,광주광역시 동구 동명로 9-5,https://blog.naver.com/PostView.naver?blogId=ilyf5154&logNo=222642575510&redirect=Dlog&widgetTypeCall=true&topReferer=https%3A%2F%2Fpcmap.place.naver.com%2Frestaurant%2F1661269036%2Freview%2Fugc%3Ffrom%3Dmap%26fromPanelNum%3D2%26ts%3D1649042293445%26type%3DphotoView&directAccess=false,0
845019,솔밭솥밥,광주광역시 동구 동명로 9-5,https://blog.naver.com/PostView.naver?blogId=slwbsksk27&logNo=222682527942&redirect=Dlog&widgetTypeCall=true&topReferer=https%3A%2F%2Fpcmap.place.naver.com%2Frestaurant%2F1661269036%2Freview%2Fugc%3Ffrom%3Dmap%26fromPanelNum%3D2%26ts%3D1649042293445%26type%3DphotoView&directAccess=false,0
845019,솔밭솥밥,광주광역시 동구 동명로 9-5,https://blog.naver.com/PostView.naver?blogId=qdreams&logNo=222688203701&redirect=Dlog&widgetTypeCall=true&topReferer=https%3A%2F%2Fpcmap.place.naver.com%2Frestaurant%2F1661269036%2Freview%2Fugc%3Ffrom%3Dmap%26fromPanelNum%3D2%26ts%3D1649042293445%26type%3DphotoView&directAccess=false,0
855479,뼈대있는집 감자탕,광주광역시 동구 충장로 97-2,https://blog.naver.com/PostView.naver?blogId=dongkil88&logNo=222615465118&redirect=Dlog&widgetTypeCall=true&topReferer=https%3A%2F%2Fpcmap.place.naver.com%2Frestaurant%2F1825537190%2Freview%2Fugc%3Ffrom%3Dmap%26fromPanelNum%3D2%26ts%3D1649042805159%26type%3DphotoView&directAccess=false,0
855479,뼈대있는집 감자탕,광주광역시 동구 충장로 97-2,https://blog.naver.com/PostView.naver?blogId=jky6213&logNo=222658056210&redirect=Dlog&widgetTypeCall=true&topReferer=https%3A%2F%2Fpcmap.place.naver.com%2Frestaurant%2F1825537190%2Freview%2Fugc%3Ffrom%3Dmap%26fromPanelNum%3D2%26ts%3D1649042805159%26type%3DphotoView&directAccess=false,0
855479,뼈대있는집 감자탕,광주광역시 동구 충장로 97-2,https://blog.naver.com/PostView.naver?blogId=dongkil88&logNo=222642855988&redirect=Dlog&widgetTypeCall=true&topReferer=https%3A%2F%2Fpcmap.place.naver.com%2Frestaurant%2F1825537190%2Freview%2Fugc%3Ffrom%3Dmap%26fromPanelNum%3D2%26ts%3D1649042805159%26type%3DphotoView&directAccess=false,0
855479,뼈대있는집 감자탕,광주광역시 동구 충장로 97-2,https://blog.naver.com/PostView.naver?blogId=raeon03&logNo=222687515476&redirect=Dlog&widgetTypeCall=true&topReferer=https%3A%2F%2Fpcmap.place.naver.com%2Frestaurant%2F1825537190%2Freview%2Fugc%3Ffrom%3Dmap%26fromPanelNum%3D2%26ts%3D1649042805159%26type%3DphotoView&directAccess=false,0
855479,뼈대있는집 감자탕,광주광역시 동구 충장로 97-2,https://blog.naver.com/PostView.naver?blogId=tpsk5540&logNo=222683512750&redirect=Dlog&widgetTypeCall=true&topReferer=https%3A%2F%2Fpcmap.place.naver.com%2Frestaurant%2F1825537190%2Freview%2Fugc%3Ffrom%3Dmap%26fromPanelNum%3D2%26ts%3D1649042805159%26type%3DphotoView&directAccess=false,0
857451,피자헛,광주광역시 동구 중앙로 218,https://blog.naver.com/PostView.naver?blogId=sorjdkgp&logNo=222624837731&redirect=Dlog&widgetTypeCall=true&topReferer=https%3A%2F%2Fpcmap.place.naver.com%2Frestaurant%2F1778814175%2Freview%2Fugc%3Ffrom%3Dmap%26fromPanelNum%3D2%26ts%3D1649043137555%26type%3DphotoView&directAccess=false,0
1243,왕자관,광주광역시 동구 충장로 101-6,https://blog.naver.com/PostView.naver?blogId=tmfdhd2&logNo=221942214465&redirect=Dlog&widgetTypeCall=true&topReferer=https%3A%2F%2Fpcmap.place.naver.com%2Frestaurant%2F32059982%2Freview%2Fugc%3Ffrom%3Dmap%26fromPanelNum%3D2%26ts%3D1648716248873%26type%3DphotoView&directAccess=false,0
1243,왕자관,광주광역시 동구 충장로 101-6,https://blog.naver.com/PostView.naver?blogId=gywlstjsghk&logNo=222271689476&redirect=Dlog&widgetTypeCall=true&topReferer=https%3A%2F%2Fpcmap.place.naver.com%2Frestaurant%2F32059982%2Freview%2Fugc%3Ffrom%3Dmap%26fromPanelNum%3D2%26ts%3D1648743543008%26type%3DphotoView&directAccess=false,0
