rest_id,rest_name,menu_id,menu_name,category_large,category_small,category_main,menu_ingredient
9,A,9,A,A,A,A,A
1616,왕자관,2135291,우동,중식,우동/면,중식,면/가쓰오부시
1616,왕자관,2135292,간짜장,중식,짜장/면,중식,야채/돼지고기/면
1616,왕자관,2135293,짬뽕,중식,짬뽕/면,중식,야채/해산물/면
1616,왕자관,2135294,굴짬뽕,중식,짬뽕/해산물,중식,야채/해산물/면/굴
1616,왕자관,2135295,백짬뽕,중식,짬뽕/면,중식,야채/해산물/면
1616,왕자관,2135296,삼선우동,중식,우동/면,중식,야채/해산물/고기/버섯/면/가쓰오부시
1616,왕자관,2135297,삼선간짜장,중식,짜장/면,중식,야채/해산물/돼지고기/면
1616,왕자관,2135298,삼선짬뽕,중식,짬뽕/면,중식,야채/해산물/고기/버섯/면
1616,왕자관,2135301,쟁반짜장,중식,짜장/면,중식,야채/돼지고기/면
1616,왕자관,2135304,볶음밥,중식,볶음밥/밥,중식,야채/쌀
1616,왕자관,2135305,짬뽕밥,중식,짬뽕/국밥,중식,야채/해산물/쌀
1616,왕자관,2135306,해물덮밥,중식,덮밥/밥,중식,야채/해산물/쌀
1616,왕자관,2135307,삼선짬뽕밥,중식,국밥/밥,중식,야채/해산물/고기/쌀/버섯
1616,왕자관,2135308,삼선볶음밥,중식,볶음밥/밥,중식,야채/해산물/고기/쌀/버섯
1616,왕자관,2135309,새우볶음밥,중식,볶음밥/밥,중식,야채/왕새우/쌀
1616,왕자관,2135310,잡채밥,중식,덮밥/밥,중식,야채/고기/쌀/버섯/당면
1616,왕자관,2135311,잡탕밥,중식,덮밥/밥,중식,야채/해산물/쌀
1616,왕자관,2135312,군만두,중식,만두,중식,야채/두부/고기/밀가루
1616,왕자관,2135313,수제물만두,중식,만두,중식,야채/두부/고기/밀가루
1639,신성식당,263,상추백반,한식,백반/밥,백반/죽/국수/한식,야채/쌀
1639,신성식당,264,사골우거지탕,한식,탕,찜/탕/찌개/전골,야채/우거지/사골
1639,신성식당,265,사골곰탕,한식,곰탕/탕,찜/탕/찌개/전골,소고기/파/소뼈/사골육수
1639,신성식당,266,추어탕,한식,추어탕/탕,찜/탕/찌개/전골,야채/미꾸라지
1639,신성식당,267,돌솥비빔밥,한식,비빔밥/밥,백반/죽/국수/한식,야채/쌀
1639,신성식당,268,비빔밥,한식,비빔밥/밥,백반/죽/국수/한식,야채/쌀
1639,신성식당,269,김치전골,한식,전골,찜/탕/찌개/전골,야채/김치
1639,신성식당,270,김치찌개,한식,찌개,찜/탕/찌개/전골,야채/김치
1639,신성식당,271,꼬리곰탕,한식,곰탕/탕,찜/탕/찌개/전골,소꼬리
1639,신성식당,272,동태탕,한식,탕/생선,찜/탕/찌개/전골,야채/동태
2591,900달러,1962528,페퍼로니피자,양식,피자/빵,치킨/피자/패스트푸드,치즈/밀가루/페퍼로니
2591,900달러,1962529,디아블로피자,양식,피자/빵,치킨/피자/패스트푸드,치즈/밀가루
2591,900달러,1962530,마르게리따피자,양식,피자/빵,치킨/피자/패스트푸드,치즈/토마토/밀가루/바질
2591,900달러,1962531,고구마피자,양식,피자/빵,치킨/피자/패스트푸드,야채/고구마/치즈/밀가루
2591,900달러,1962532,치즈피자,양식,피자/빵,치킨/피자/패스트푸드,야채/치즈/모짜렐라치즈/밀가루
2591,900달러,1962533,루꼴라피자,양식,피자/빵,치킨/피자/패스트푸드,야채/모짜렐라치즈/밀가루/루꼴라
5959,미미당,812091,돈까스,일식,돈까스,돈까스/회/일식,돼지고기/계란/밀가루/빵가루
5959,미미당,812093,냉모밀,일식,메밀/면,돈까스/회/일식,메밀면
5959,미미당,812095,연어초밥,일식,생선/초밥,돈까스/회/일식,쌀/연어
8251,등촌칼국수,116110,등촌샤브샤브세트,한식,샤브샤브/고기,고기/구이/족발/보쌈,소고기/육수/야채/버섯
8251,등촌칼국수,116111,버섯매운탕칼국수,한식,칼국수/면,백반/죽/국수/한식,야채/버섯/면
11702,낙지한마당,452179,연포탕,한식,탕/해산물,찜/탕/찌개/전골,야채/낙지
11702,낙지한마당,452181,낙지죽,한식,죽/해산물,백반/죽/국수/한식,낙지/쌀
11702,낙지한마당,452184,비빔밥,한식,비빔밥/밥,백반/죽/국수/한식,야채/쌀
11702,낙지한마당,452187,낙지전골,한식,전골/해산물,찜/탕/찌개/전골,낙지
11702,낙지한마당,452191,낙지볶음,한식,볶음/해산물,백반/죽/국수/한식,야채/낙지
11702,낙지한마당,452194,낙지회무침,한식,무침/해산물,백반/죽/국수/한식,낙지/회무침
13657,종가집,1387735,오삼불고기,한식,불고기/고기,고기/구이/족발/보쌈,야채/오징어/삼겹살
13657,종가집,1387736,생삼겹살,한식,고기/돼지고기,고기/구이/족발/보쌈,삼겹살/돼지고기/고기
13657,종가집,1387737,돼지주물럭,한식,볶음/고기,백반/죽/국수/한식,야채/고추/돼지고기
13657,종가집,1387738,오징어불고기,한식,불고기/고기,고기/구이/족발/보쌈,소고기/오징어
13657,종가집,1387739,백반,한식,백반/밥,백반/죽/국수/한식,야채/쌀
13657,종가집,1387741,김치찌개,한식,찌개,찜/탕/찌개/전골,야채/김치
13657,종가집,1387743,골뱅이회무침,한식,무침/해산물,백반/죽/국수/한식,골뱅이/회무침/야채
13657,종가집,1387744,오징어회무침,한식,무침/해산물,백반/죽/국수/한식,오징어/회무침
13657,종가집,1387745,쭈꾸미볶음,한식,볶음/해산물,백반/죽/국수/한식,야채/주꾸미
13657,종가집,1387749,해물파전,한식,전/해산물,백반/죽/국수/한식,해산물/밀가루/파
13657,종가집,1387752,해물전골,한식,전골/해산물,찜/탕/찌개/전골,야채/해산물
13663,월계수식당,1526113,삼선볶음밥,중식,볶음밥/밥,중식,야채/해산물/고기/쌀/버섯
13663,월계수식당,1526119,옛날돈까스,양식,돈까스,돈까스/회/일식,돼지고기/계란/밀가루/빵가루
13663,월계수식당,1526120,매운돈까스,양식,돈까스,돈까스/회/일식,돼지고기/계란/밀가루/빵가루
13663,월계수식당,1526121,짬뽕국밥,중식,짬뽕/국밥,중식,야채/해산물/쌀
13663,월계수식당,1526122,우삼겹짬뽕,중식,짬뽕/고기,중식,야채/해산물/우삼겹/면
13663,월계수식당,1526123,칼국수,한식,칼국수/면,백반/죽/국수/한식,야채/면
13663,월계수식당,1526125,잡채밥,중식,덮밥/밥,중식,야채/고기/쌀/버섯/당면
13663,월계수식당,1526126,우삼겹비빔면,한식,면/고기,백반/죽/국수/한식,야채/고기/삼겹살/면
15892,해뜨는집,2249672,고등어구이,한식,생선/구이,고기/구이/족발/보쌈,고등어
15892,해뜨는집,2249674,삼치구이,한식,생선/구이,고기/구이/족발/보쌈,삼치
15892,해뜨는집,2249675,옥돔구이,한식,생선/구이,고기/구이/족발/보쌈,옥돔
15892,해뜨는집,2249676,묵은지고등어조림,한식,생선/조림,백반/죽/국수/한식,묵은지/고등어
15892,해뜨는집,2249677,묵은지김치찌개,한식,찌개,찜/탕/찌개/전골,야채/김치/묵은지
15892,해뜨는집,2249678,철판제육볶음,한식,볶음/고기,백반/죽/국수/한식,야채/돼지고기
15892,해뜨는집,2249679,철판오징어볶음,한식,볶음/해산물,백반/죽/국수/한식,야채/오징어
18151,풍남옥,362487,콩나물국밥,한식,국밥/밥,백반/죽/국수/한식,야채/콩나물/오징어/쌀
18151,풍남옥,362493,돼지애호박찌개,한식,찌개/고기,찜/탕/찌개/전골,야채/애호박/돼지고기
18151,풍남옥,362494,황태해장국,한식,국/생선,찜/탕/찌개/전골,야채/황태
23220,홍능갈비,4880,생갈비살,식육,소고기/고기,고기/구이/족발/보쌈,소갈비/고기
23220,홍능갈비,4881,꽃등심,식육,소고기/고기,고기/구이/족발/보쌈,꽃등심/고기
23220,홍능갈비,4882,살치살,식육,소고기/고기,고기/구이/족발/보쌈,살치살/고기
23220,홍능갈비,4883,갈비살,식육,소고기/고기,고기/구이/족발/보쌈,갈비살/고기
23220,홍능갈비,4885,생고기,식육,소고기/고기,고기/구이/족발/보쌈,고기
23220,홍능갈비,4887,항정살,식육,돼지고기/고기,고기/구이/족발/보쌈,돼지고기/고기
23220,홍능갈비,4888,생삼겹살,식육,돼지고기/고기,고기/구이/족발/보쌈,삼겹살/돼지고기/고기
23220,홍능갈비,4891,사골우거지탕,한식,탕,찜/탕/찌개/전골,야채/우거지/사골육수
23220,홍능갈비,4892,곰탕,한식,탕/곰탕,찜/탕/찌개/전골,소고기
23220,홍능갈비,4893,상추백반,한식,백반/밥,백반/죽/국수/한식,야채/쌀
23220,홍능갈비,4894,육회비빔밥,한식,비빔밥/소고기,백반/죽/국수/한식,야채/고기/쌀
23220,홍능갈비,4895,돌솥비빔밥,한식,비빔밥/밥,백반/죽/국수/한식,야채/쌀
23220,홍능갈비,4896,김치찌개,한식,찌개,찜/탕/찌개/전골,야채/김치
23220,홍능갈비,4897,비빔밥,한식,비빔밥/밥,백반/죽/국수/한식,야채/쌀
23220,홍능갈비,4898,청국장,한식,국,찜/탕/찌개/전골,야채/두부
30063,민속촌,2136253,생돼지갈비,식육,돼지고기/고기,고기/구이/족발/보쌈,돼지갈비
30063,민속촌,2136254,소양념갈비,식육,소고기/고기,고기/구이/족발/보쌈,소갈비
30063,민속촌,2136258,옛날불고기솥밥,한식,비빔밥/밥,백반/죽/국수/한식,소고기/쌀
30063,민속촌,2136265,물냉면,한식,냉면/면,백반/죽/국수/한식,야채/메밀면/계란/육수
30063,민속촌,2136266,비빔냉면,한식,냉면/면,백반/죽/국수/한식,야채/메밀면/계란
30063,민속촌,2136267,돌판비빔밥,한식,비빔밥/밥,백반/죽/국수/한식,야채/쌀
30063,민속촌,2136268,왕갈비탕,한식,탕/고기,찜/탕/찌개/전골,야채/소고기
30065,두레식당,2553195,갈치백반,한식,생선/밥,백반/죽/국수/한식,야채/쌀/갈치
30065,두레식당,2553196,병치백반,한식,생선/밥,백반/죽/국수/한식,야채/쌀/병치
30065,두레식당,2553197,조기백반,한식,생선/밥,백반/죽/국수/한식,야채/쌀/조기
30065,두레식당,2553198,명태백반,한식,생선/밥,백반/죽/국수/한식,야채/쌀/명태
30065,두레식당,2553199,아귀탕,한식,생선/탕,찜/탕/찌개/전골,야채/아귀
30065,두레식당,2553200,제육볶음,한식,볶음/고기,백반/죽/국수/한식,야채/고추/돼지고기/양파
30065,두레식당,2553201,병치조림,한식,조림/생선,백반/죽/국수/한식,야채/병어
30065,두레식당,2553202,갈치조림,한식,조림/생선,백반/죽/국수/한식,야채/갈치
30065,두레식당,2553204,닭발무침,한식,무침/닭고기,백반/죽/국수/한식,고추/닭발
30065,두레식당,2553205,오징어무침,한식,무침/해산물,백반/죽/국수/한식,오징어/야채
30065,두레식당,2553211,파전,한식,전,백반/죽/국수/한식,밀가루/파
30065,두레식당,2553212,홍어탕,한식,탕/생선,찜/탕/찌개/전골,야채/홍어
35130,1515짜장면,212820,짜장면,중식,짜장/면,중식,야채/돼지고기/면
35130,1515짜장면,212821,우동,중식,우동/면,중식,면/가쓰오부시
35130,1515짜장면,212822,짬뽕,중식,짬뽕/면,중식,야채/해산물/면
35130,1515짜장면,212823,간짜장,중식,짜장/면,중식,야채/돼지고기/면
35130,1515짜장면,212824,불짜장,중식,짜장/면,중식,야채/돼지고기/면
35130,1515짜장면,212825,불짬뽕,중식,짬뽕/면,중식,야채/해산물/면
35130,1515짜장면,212826,왕짜장,중식,짜장/면,중식,야채/돼지고기
35130,1515짜장면,212827,왕짬뽕,중식,짬뽕/면,중식,야채/해산물/면
35130,1515짜장면,212828,삼선간짜장,중식,짜장/면,중식,야채/해산물/돼지고기/면
35130,1515짜장면,212829,삼선우동,중식,우동/면,중식,야채/해산물/고기/버섯/면/가쓰오부시
35130,1515짜장면,212830,삼선짬뽕,중식,짬뽕/면,중식,야채/해산물/고기/버섯/면
35130,1515짜장면,212831,해물쟁반짜장,중식,짜장/해산물,중식,야채/돼지고기/면
35130,1515짜장면,212832,국밥,중식,국밥/밥,중식,야채/쌀
35130,1515짜장면,212833,볶음밥,중식,볶음밥/밥,중식,야채/쌀
35130,1515짜장면,212834,짜장밥,중식,짜장/밥,중식,야채/돼지고기/쌀
35130,1515짜장면,212835,오므라이스,중식,볶음밥/밥,중식,야채/쌀/계란
35130,1515짜장면,212836,잡채밥,중식,덮밥/밥,중식,야채/고기/쌀/버섯/당면
35130,1515짜장면,212837,김치볶음밥,한식,볶음밥/밥,중식,야채/김치/쌀
35130,1515짜장면,212838,삼선볶음밥,중식,볶음밥/밥,중식,야채/해산물/고기/쌀/버섯
35130,1515짜장면,212839,삼선국밥,중식,국밥/해산물,중식,야채/해산물/쌀
35130,1515짜장면,212840,해물덮밥,중식,덮밥/해산물,중식,야채/해산물/쌀
35130,1515짜장면,212841,송이덮밥,중식,덮밥/밥,중식,쌀/송이버섯
35130,1515짜장면,212842,육개장,한식,탕/고기,중식,야채/소고기/숙주/고사리
35130,1515짜장면,212843,갈비탕,한식,탕/고기,중식,야채/소고기
35130,1515짜장면,212844,군만두,중식,만두,중식,야채/두부/고기/밀가루
35130,1515짜장면,212845,탕수만두,중식,만두,중식,야채/두부/고기/밀가루
35130,1515짜장면,212846,물만두,중식,만두,중식,야채/두부/고기/밀가루
35130,1515짜장면,212852,탕수육,중식,탕수육/고기,중식,야채/돼지고기/전분
35130,1515짜장면,212861,잡채,중식,잡채/면,중식,야채/고기/버섯/당면
35130,1515짜장면,212863,고추잡채,중식,잡채/면,중식,야채/고추/돼지고기/당면
35130,1515짜장면,212869,깐풍기,중식,탕수육/고기,중식,야채/고추/닭고기/전분
35133,오대양횟집,2136476,생선내장탕,한식,탕/생선,찜/탕/찌개/전골,야채/생선/마늘/양파/파/내장
35133,오대양횟집,2136477,회덮밥,일식,덮밥/밥,돈까스/회/일식,야채/쌀/생선회
35133,오대양횟집,2136478,장어구이,일식,생선/구이,고기/구이/족발/보쌈,장어
35133,오대양횟집,2136480,대구탕,한식,탕/생선,찜/탕/찌개/전골,야채/대구
35133,오대양횟집,2136482,생선초밥,일식,초밥/밥,돈까스/회/일식,생선/쌀
35133,오대양횟집,2136483,아귀찜,한식,찜/생선,찜/탕/찌개/전골,야채/아귀
35133,오대양횟집,2136486,민어탕,한식,탕/생선,찜/탕/찌개/전골,야채/민어
35138,3.6식당,1921654,생삼겹살,식육,돼지고기/고기,고기/구이/족발/보쌈,삼겹살
35138,3.6식당,1921655,목살,식육,돼지고기/고기,고기/구이/족발/보쌈,목살
35138,3.6식당,1921656,목살주물럭,한식,돼지고기/볶음,백반/죽/국수/한식,목살/주물럭
35138,3.6식당,1921659,김치찌개,한식,찌개,찜/탕/찌개/전골,야채/김치
35138,3.6식당,1921660,된장찌개,한식,찌개,찜/탕/찌개/전골,야채/두부
35138,3.6식당,1921661,닭곰탕,한식,곰탕/고기,찜/탕/찌개/전골,닭고기/야채
35138,3.6식당,1921662,제육볶음,한식,고기/볶음,백반/죽/국수/한식,야채/고추/돼지고기/양파
40745,고려조삼계탕,814350,삼계탕,한식,닭고기/탕,찜/탕/찌개/전골,인삼/닭고기
40745,고려조삼계탕,814352,오골계탕,한식,닭고기/탕,찜/탕/찌개/전골,야채/닭고기
40763,해안식당 ,1689085,아귀찜,한식,찜/생선,찜/탕/찌개/전골,야채/아귀
40763,해안식당 ,1689105,꼬막비빔밥,한식,비빔밥/밥,백반/죽/국수/한식,꼬막/쌀
40763,해안식당 ,1689112,날치알밥,한식,밥,백반/죽/국수/한식,날치알/쌀
40763,해안식당 ,1689113,돌판볶음밥,한식,볶음밥/밥,백반/죽/국수/한식,야채/쌀
40763,해안식당 ,1689114,건강톳밥,한식,밥,백반/죽/국수/한식,톳/쌀
40763,해안식당 ,1689115,해물파전,한식,전,백반/죽/국수/한식,해산물/밀가루/파
76792,홍도,1393660,물회,일식,해산물/회,돈까스/회/일식,야채/고추/해산물
76792,홍도,1393662,해삼,일식,해산물/회,돈까스/회/일식,해삼
76792,홍도,1393663,멍게,일식,해산물/회,돈까스/회/일식,멍게
76792,홍도,1393664,소라,일식,해산물/회,돈까스/회/일식,소라
76792,홍도,1393666,산낙지,일식,해산물/회,돈까스/회/일식,낙지
76792,홍도,1393670,농어회,일식,생선/회,돈까스/회/일식,생선회/농어
76792,홍도,1393678,광어회,일식,생선/회,돈까스/회/일식,생선회/광어
76792,홍도,1393682,우럭회,일식,생선/회,돈까스/회/일식,우럭
76792,홍도,1393688,개불,일식,해산물/회,돈까스/회/일식,개불
76792,홍도,1393691,전복,일식,해산물/회,돈까스/회/일식,전복
76793,본전소머리국밥,498153,머리국밥,한식,국밥/밥,백반/죽/국수/한식,야채/쌀/머리고기
76793,본전소머리국밥,498154,내장국밥,한식,국밥/밥,백반/죽/국수/한식,야채/쌀/내장
76793,본전소머리국밥,498155,순대국밥,한식,국밥/순대,백반/죽/국수/한식,야채/쌀/돼지내장/당면
76793,본전소머리국밥,498156,모듬국밥,한식,국밥/밥,백반/죽/국수/한식,야채/돼지고기/쌀/돼지내장
76793,본전소머리국밥,498157,콩나물국밥,한식,국밥/밥,백반/죽/국수/한식,야채/쌀/콩나물
76793,본전소머리국밥,498159,머리고기,한식,돼지고기/고기,고기/구이/족발/보쌈,머리고기
76793,본전소머리국밥,498160,족발,한식,족발/고기,고기/구이/족발/보쌈,돼지고기
76793,본전소머리국밥,498162,순대,한식,순대,고기/구이/족발/보쌈,돼지고기/순대/내장
76793,본전소머리국밥,498167,소머리국밥,한식,소고기/국밥,백반/죽/국수/한식,야채/쌀/소머리
88400,맛집한겨레,521999,오리백숙,한식,오리고기/고기,찜/탕/찌개/전골,인삼/오리고기/마늘/찹쌀
88400,맛집한겨레,522000,오리훈제,한식,오리고기/고기,고기/구이/족발/보쌈,오리고기
88400,맛집한겨레,522001,오리전골,한식,고기/전골,찜/탕/찌개/전골,야채/오리고기
88400,맛집한겨레,522002,오리주물럭,한식,고기/볶음,백반/죽/국수/한식,야채/고추/오리고기
88400,맛집한겨레,522003,오리로스,한식,고기/구이,고기/구이/족발/보쌈,오리고기
88400,맛집한겨레,522006,오리탕,한식,고기/탕,찜/탕/찌개/전골,야채/오리고기
88400,맛집한겨레,522007,육개장,한식,소고기/탕,찜/탕/찌개/전골,야채/소고기/숙주/고사리
88400,맛집한겨레,522008,뚝배기불고기,한식,불고기/고기,백반/죽/국수/한식,소고기/버섯
88400,맛집한겨레,522009,고등어조림,한식,생선/조림,백반/죽/국수/한식,야채/고등어
88400,맛집한겨레,522010,제육볶음,한식,고기/볶음,백반/죽/국수/한식,야채/고추/돼지고기/양파
88400,맛집한겨레,522011,참치찌개,한식,찌개,찜/탕/찌개/전골,야채/애호박/캔참치
88400,맛집한겨레,522012,김치찌개,한식,찌개,찜/탕/찌개/전골,야채/김치
88400,맛집한겨레,522013,애호박찌개,한식,찌개,찜/탕/찌개/전골,야채/애호박
88400,맛집한겨레,522014,황태탕,한식,탕,찜/탕/찌개/전골,황태
88400,맛집한겨레,522016,비빔밥,한식,비빔밥/밥,백반/죽/국수/한식,야채/쌀
100771,열도지,453236,사천식매운고기볶음,중식,고기/볶음,중식,돼지고기/야채
100771,열도지,453238,양고기대파볶음,중식,고기/볶음,중식,양고기/대파
100771,열도지,453240,유린기,중식,고기/탕수육,중식,야채/닭고기/밀가루
100771,열도지,453241,깐풍기,중식,고기/탕수육,중식,야채/고추/닭고기/전분
100771,열도지,453242,고추잡채,중식,잡채/면,중식,야채/고추/돼지고기/당면
100771,열도지,453244,꿔바로우,중식,고기/탕수육,중식,돼지고기/야채/전분
100771,열도지,453245,사천탕수육,중식,고기/탕수육,중식,야채/돼지고기/전분
100771,열도지,453246,탕수육,중식,고기/탕수육,중식,야채/돼지고기/전분
100771,열도지,453251,깐풍새우,중식,탕수육/해산물,중식,야채/고추/새우/전분
100771,열도지,453259,마파두부,중식,볶음,중식,고추/두부/돼지고기/파
100771,열도지,453278,간짜장,중식,짜장/면,중식,야채/돼지고기/면
100771,열도지,453279,짬뽕,중식,짬뽕/면,중식,야채/해산물/면
100771,열도지,453283,삼선짜장,중식,짜장/면,중식,야채/해산물/면
100771,열도지,453284,삼선우동,중식,우동/면,중식,야채/해산물/고기/버섯/면/가쓰오부시
100771,열도지,453286,굴짬뽕,중식,짬뽕/해산물,중식,야채/해산물/면/굴
100771,열도지,453292,짬뽕밥,중식,국밥/짬뽕,중식,야채/해산물/쌀
100771,열도지,453293,백짬뽕밥,중식,국밥/짬뽕,중식,야채/해산물/쌀
100771,열도지,453294,해물국밥,중식,국밥/해산물,중식,야채/쌀/해산물
100771,열도지,453295,짜장밥,중식,짜장/밥,중식,야채/돼지고기/쌀/계란
100771,열도지,453296,볶음밥,중식,볶음밥/밥,중식,야채/쌀/계란
100771,열도지,453297,사천볶음밥,중식,볶음밥/밥,중식,쌀/야채/계란
100771,열도지,453298,해물덮밥,중식,덮밥/밥,중식,야채/해산물/쌀
100771,열도지,453299,고추잡채밥,중식,잡채/밥,중식,야채/고추/돼지고기/쌀/당면
100771,열도지,453300,잡탕밥,중식,덮밥/밥,중식,야채/해산물/쌀
100771,열도지,453301,굴짬뽕밥,중식,짬뽕/밥,중식,야채/해산물/쌀/굴
100773,동부식당,1396130,오리탕,한식,고기/탕,찜/탕/찌개/전골,야채/오리고기
100773,동부식당,1396131,주물럭,한식,고기/볶음,백반/죽/국수/한식,야채/고추/돼지고기
100773,동부식당,1396132,비빔밥,한식,비빔밥/밥,백반/죽/국수/한식,야채/쌀
100773,동부식당,1396133,돌솥비빔밥,한식,비빔밥/밥,백반/죽/국수/한식,야채/쌀
100773,동부식당,1396134,조기탕,한식,탕/생선,찜/탕/찌개/전골,야채/조기
100773,동부식당,1396135,김치찌개,한식,찌개,찜/탕/찌개/전골,야채/김치/돼지고기
100773,동부식당,1396136,된장찌개,한식,찌개,찜/탕/찌개/전골,야채/두부
100773,동부식당,1396137,부대찌개,한식,찌개,찜/탕/찌개/전골,야채/햄/소시지
100773,동부식당,1396138,애호박찌개,한식,찌개,찜/탕/찌개/전골,야채/애호박
100773,동부식당,1396139,동태탕,한식,탕/생선,찜/탕/찌개/전골,야채/동태
114308,청진동해장국,2105094,암뽕순대국밥,한식,국밥/순대,백반/죽/국수/한식,야채/쌀/돼지내장/당면
114308,청진동해장국,2105095,새끼보순대국밥,한식,국밥/고기,백반/죽/국수/한식,야채/쌀/돼지내장/당면
114308,청진동해장국,2105096,머리국밥,한식,국밥/돼지고기,백반/죽/국수/한식,야채/쌀/머리고기
114308,청진동해장국,2105097,콩나물국밥,한식,국밥/밥,백반/죽/국수/한식,야채/쌀/콩나물
114308,청진동해장국,2105098,찰순대국밥,한식,국밥/순대,백반/죽/국수/한식,야채/돼지고기/쌀/순대/찹쌀/내장/육수
114308,청진동해장국,2105100,머리고기,한식,돼지고기/고기,고기/구이/족발/보쌈,머리고기
114308,청진동해장국,2105101,새끼보,한식,돼지고기/고기,고기/구이/족발/보쌈,야채/새끼보
114308,청진동해장국,2105104,암뽕순대,한식,순대,고기/구이/족발/보쌈,돼지고기/순대/내장
130064,잘먹었습니다,590222,돈까스,양식,돈까스,돈까스/회/일식,돼지고기/계란/밀가루/빵가루
130064,잘먹었습니다,590223,치즈돈까스,양식,돈까스,돈까스/회/일식,돼지고기/치즈/계란/밀가루/빵가루
130064,잘먹었습니다,590230,샐러드돈까스,양식,돈까스,돈까스/회/일식,야채/돼지고기/계란/밀가루/빵가루
130081,굴마을,185294,굴정식,한식,백반/해산물,백반/죽/국수/한식,굴/쌀/야채
130081,굴마을,185295,뚝배기굴밥,한식,백반/해산물,백반/죽/국수/한식,야채/쌀/굴
130081,굴마을,185300,굴해장국,한식,탕/해산물,찜/탕/찌개/전골,야채/고추/육수
130081,굴마을,185301,굴국밥,한식,국밥/해산물,백반/죽/국수/한식,야채/쌀/굴
130081,굴마을,185303,황태국밥,한식,국밥/밥,백반/죽/국수/한식,야채/황태/쌀
130081,굴마을,185305,굴삼계탕,한식,탕/해산물,찜/탕/찌개/전골,인삼/닭고기/굴
130081,굴마을,185306,전복굴삼계탕,한식,탕/해산물,찜/탕/찌개/전골,전복/인삼/닭고기/굴
130081,굴마을,185307,매생이굴죽,한식,죽/해산물,백반/죽/국수/한식,매생이/쌀/굴
130081,굴마을,185313,굴전,한식,전/해산물,백반/죽/국수/한식,계란/밀가루/굴
130081,굴마을,185317,생굴회,한식,해산물/회,돈까스/회/일식,굴
130081,굴마을,185318,문어숙회,한식,해산물/회,돈까스/회/일식,문어
130081,굴마을,185319,굴돼지보쌈,한식,고기/보쌈,고기/구이/족발/보쌈,김치/돼지고기/굴
130081,굴마을,185320,문어돼지보쌈,한식,해산물/보쌈,고기/구이/족발/보쌈,야채/김치/문어/돼지고기
130108,구수향,331148,생등심,식육,소고기/고기,고기/구이/족발/보쌈,소등심
130108,구수향,331150,생고기,식육,소고기/고기,고기/구이/족발/보쌈,고기
130108,구수향,331151,육회,식육,소고기/고기,고기/구이/족발/보쌈,소고기
130108,구수향,331152,불고기백반,한식,백반/불고기,백반/죽/국수/한식,야채/고기/쌀
130108,구수향,331153,삼겹살,식육,돼지고기/고기,고기/구이/족발/보쌈,삼겹살
130108,구수향,331154,한방오리,식육,오리고기/고기,고기/구이/족발/보쌈,야채/오리고기
130108,구수향,331155,오리구이,식육,고기/구이,고기/구이/족발/보쌈,오리고기
130108,구수향,331156,생고기비빔밥,한식,비빔밥/밥,백반/죽/국수/한식,야채/고추/고기/쌀
130108,구수향,331158,익힌비빔밥,한식,비빔밥/밥,백반/죽/국수/한식,야채/쌀
130108,구수향,331159,돌솥비빔밥,한식,비빔밥/밥,백반/죽/국수/한식,야채/쌀
130108,구수향,331160,짱뚱어탕,한식,탕/생선,찜/탕/찌개/전골,야채/짱뚱어
148862,춘자생태탕,79058,생태탕,한식,탕/생선,찜/탕/찌개/전골,야채/생태
148862,춘자생태탕,79059,알탕,한식,탕/해산물,찜/탕/찌개/전골,야채/생선알
148862,춘자생태탕,79061,대구탕,한식,탕/생선,찜/탕/찌개/전골,야채/대구
148862,춘자생태탕,79062,애호박찌개,한식,찌개,찜/탕/찌개/전골,야채/애호박
148862,춘자생태탕,79063,김치찌개,한식,찌개,찜/탕/찌개/전골,야채/김치
148862,춘자생태탕,79064,청국장,한식,탕,찜/탕/찌개/전골,야채/두부
148862,춘자생태탕,79068,아귀찜,한식,찜/생선,찜/탕/찌개/전골,야채/아귀
148862,춘자생태탕,79070,제육볶음,한식,볶음/고기,백반/죽/국수/한식,야채/고추/돼지고기/양파
148889,참뫼,129599,고등어조림,한식,생선/조림,백반/죽/국수/한식,야채/고등어
148889,참뫼,129600,청국장,한식,국,찜/탕/찌개/전골,야채/두부
148889,참뫼,129601,갈치조림,한식,생선/조림,백반/죽/국수/한식,야채/갈치
148889,참뫼,129602,낙지비빔밥,한식,비빔밥/해산물,백반/죽/국수/한식,야채/낙지/쌀
148889,참뫼,129603,쌈밥,한식,백반/밥,백반/죽/국수/한식,야채/오징어/고기/흑미
148889,참뫼,129604,생태탕,한식,탕/생선,찜/탕/찌개/전골,야채/생태
148889,참뫼,129606,산채비빔밥,한식,비빔밥/밥,백반/죽/국수/한식,야채/쌀/산채
148889,참뫼,129607,된장찌개,한식,찌개,찜/탕/찌개/전골,야채/두부
148889,참뫼,129608,조기탕,한식,생선/탕,찜/탕/찌개/전골,야채/조기
148889,참뫼,129609,김치찌개,한식,찌개,찜/탕/찌개/전골,야채/김치
148889,참뫼,129610,삼계탕,한식,고기/탕,찜/탕/찌개/전골,인삼/닭고기
148889,참뫼,129625,육전,한식,고기/전,백반/죽/국수/한식,소고기/전분
148889,참뫼,129626,표고전,한식,전,백반/죽/국수/한식,계란/밀가루/표고버섯
148889,참뫼,129627,해물파전,한식,전/해산물,백반/죽/국수/한식,해산물/밀가루/파
148889,참뫼,129628,감자전,한식,전,백반/죽/국수/한식,감자
148889,참뫼,129629,낙지볶음,한식,볶음/해산물,백반/죽/국수/한식,야채/낙지
148889,참뫼,129630,제육볶음,한식,볶음/고기,백반/죽/국수/한식,야채/고추/돼지고기/양파
148889,참뫼,129634,야채전,한식,전,백반/죽/국수/한식,야채/계란/밀가루
148889,참뫼,129635,김치전,한식,전,백반/죽/국수/한식,김치/밀가루
148889,참뫼,129636,굴전,한식,해산물/전,백반/죽/국수/한식,계란/밀가루/굴
148889,참뫼,129637,다슬기해장국,한식,국,찜/탕/찌개/전골,야채/다슬기
171854,고봉민김밥인,887026,돈까스김밥,분식,돈까스/김밥,분식,야채/돼지고기/쌀/계란/밀가루/빵가루/김
171854,고봉민김밥인,887027,매운김밥,분식,김밥/밥,분식,야채/쌀/김
171854,고봉민김밥인,887028,참치김밥,분식,김밥/밥,분식,야채/쌀/햄/김/캔참치/단무지
171854,고봉민김밥인,887029,치즈김밥,분식,김밥/밥,분식,야채/치즈/쌀/김
171854,고봉민김밥인,887030,새우김밥,분식,해산물/김밥,분식,야채/새우/쌀/김
171854,고봉민김밥인,887031,떡갈비김밥,분식,고기/김밥,분식,야채/소고기/돼지고기/쌀/김
171854,고봉민김밥인,887033,어묵탕,분식,탕,찜/탕/찌개/전골,어묵
171854,고봉민김밥인,887034,고기만두,분식,고기/만두,분식,야채/두부/고기/밀가루
171854,고봉민김밥인,887035,김치만두,분식,만두,분식,야채/두부/고기/밀가루
171854,고봉민김밥인,887037,잔치국수,분식,면,백반/죽/국수/한식,야채/면/멸치육수
171854,고봉민김밥인,887038,쫄면,분식,면,백반/죽/국수/한식,야채/콩나물/면/쫄면
171854,고봉민김밥인,887039,비빔국수,분식,면,백반/죽/국수/한식,야채/면
171854,고봉민김밥인,887040,수제돈까스,분식,돈까스,돈까스/회/일식,돼지고기/계란/밀가루/빵가루
171854,고봉민김밥인,887041,치즈돈까스,분식,돈까스,돈까스/회/일식,돼지고기/치즈/계란/밀가루/빵가루
171854,고봉민김밥인,887042,고구마치즈돈까스,분식,돈까스,돈까스/회/일식,고구마/돼지고기/치즈/계란/밀가루/빵가루
171854,고봉민김밥인,887043,오므라이스,분식,볶음밥/밥,양식,야채/쌀/계란
171854,고봉민김밥인,887044,순두부찌개,한식,찌개,찜/탕/찌개/전골,야채/순두부
171854,고봉민김밥인,887045,돌판비빔밥,한식,비빔밥/밥,백반/죽/국수/한식,야채/쌀
171854,고봉민김밥인,887046,소고기덮밥,한식,덮밥/고기,백반/죽/국수/한식,야채/소고기/쌀
171854,고봉민김밥인,887048,오징어덮밥,한식,덮밥/해산물,백반/죽/국수/한식,야채/오징어/쌀
171854,고봉민김밥인,887049,비빔모밀국수,분식,메밀/면,백반/죽/국수/한식,메밀면
171854,고봉민김밥인,887050,냉국수,분식,면,백반/죽/국수/한식,면
171854,고봉민김밥인,887051,물냉면,한식,냉면/면,백반/죽/국수/한식,야채/메밀면/계란/육수
171854,고봉민김밥인,887052,비빔냉면,한식,냉면/면,백반/죽/국수/한식,야채/메밀면/계란
171854,고봉민김밥인,887054,손수제비,한식,수제비/면,백반/죽/국수/한식,야채/밀가루/멸치육수/수제비
171854,고봉민김밥인,887055,만두국,한식,만두/국,찜/탕/찌개/전골,야채/두부/고기/밀가루
171854,고봉민김밥인,887056,떡볶이,분식,떡/볶음,분식,야채/떡/어묵
171854,고봉민김밥인,887061,라면,분식,라면/면,분식,면/야채
171854,고봉민김밥인,887084,육개장,한식,고기/탕,찜/탕/찌개/전골,야채/소고기
212742,이삭토스트,656838,더블소시지토스트,패스트푸드,빵,치킨/피자/패스트푸드,야채/계란/빵/소시지
212742,이삭토스트,656839,트리플소시지토스트,패스트푸드,빵,치킨/피자/패스트푸드,야채/계란/빵/소시지
212742,이삭토스트,656840,베이컨포테이토피자토스트,패스트푸드,빵,치킨/피자/패스트푸드,야채/치즈/토마토/밀가루/베이컨
212742,이삭토스트,656841,피자토스트,패스트푸드,빵,치킨/피자/패스트푸드,야채/모짜렐라치즈/밀가루
212742,이삭토스트,656842,딥치즈베이컨토스트,패스트푸드,빵,치킨/피자/패스트푸드,치즈/베이컨
212742,이삭토스트,656843,햄치즈포테이토토스트,패스트푸드,빵,치킨/피자/패스트푸드,치즈/햄
212742,이삭토스트,656844,베이컨치즈베이글토스트,패스트푸드,빵,치킨/피자/패스트푸드,치즈/밀가루/베이컨
212742,이삭토스트,656845,핫치킨MVP토스트,패스트푸드,빵,치킨/피자/패스트푸드,야채/치즈/계란/닭고기/빵
212742,이삭토스트,656846,칠리새우토스트,패스트푸드,빵,치킨/피자/패스트푸드,새우/전분
212742,이삭토스트,656847,딥치즈베이컨포테이토토스트,패스트푸드,빵,치킨/피자/패스트푸드,치즈/베이컨
212742,이삭토스트,656848,베이컨베스트토스트,패스트푸드,빵,치킨/피자/패스트푸드,야채/밀가루/베이컨
212742,이삭토스트,656849,불갈비MVP토스트,패스트푸드,빵,치킨/피자/패스트푸드,야채/고기/치즈/계란/밀가루
212742,이삭토스트,656850,새우토스트,패스트푸드,빵,치킨/피자/패스트푸드,새우
212742,이삭토스트,656852,불고기MVP토스트,패스트푸드,빵,치킨/피자/패스트푸드,야채/고기/치즈/계란/빵/밀가루
212742,이삭토스트,656853,스테이크햄VIP토스트,패스트푸드,빵,치킨/피자/패스트푸드,야채/고기/치즈/계란/빵
212742,이삭토스트,656854,감자토스트,패스트푸드,빵,치킨/피자/패스트푸드,계란/양파/감자/밀가루/고로케
212742,이삭토스트,656855,햄스페셜토스트,패스트푸드,빵,치킨/피자/패스트푸드,야채/햄/빵
212742,이삭토스트,656856,햄치즈토스트,패스트푸드,빵,치킨/피자/패스트푸드,치즈/햄
212742,이삭토스트,656871,더블치즈리챔토스트,패스트푸드,빵,치킨/피자/패스트푸드,치즈
212751,수라상,764951,떡갈비,한식,고기/구이,고기/구이/족발/보쌈,소고기/돼지고기
212751,수라상,764952,불고기,한식,불고기/고기,고기/구이/족발/보쌈,소고기
212751,수라상,764953,뼈다귀해장국,한식,국,찜/탕/찌개/전골,야채/돼지고기/쌀/돼지등뼈
212751,수라상,764954,비빔밥,한식,비빔밥/밥,백반/죽/국수/한식,야채/쌀
232392,삼진식육식당,2328806,한우살치살,식육,소고기/고기,고기/구이/족발/보쌈,살치살
232392,삼진식육식당,2328807,한우꽃등심,식육,소고기/고기,고기/구이/족발/보쌈,꽃등심
232392,삼진식육식당,2328808,한우등심,식육,소고기/고기,고기/구이/족발/보쌈,소등심
232392,삼진식육식당,2328809,한우갈비살,식육,소고기/고기,고기/구이/족발/보쌈,갈비살
232392,삼진식육식당,2328810,한우대패등심,식육,소고기/고기,고기/구이/족발/보쌈,돼지등심
232392,삼진식육식당,2328812,한우생고기,식육,소고기/고기,고기/구이/족발/보쌈,소고기
232392,삼진식육식당,2328813,육회,식육,소고기/고기,고기/구이/족발/보쌈,소고기
232392,삼진식육식당,2328814,삼겹살,식육,돼지고기/고기,고기/구이/족발/보쌈,삼겹살
232392,삼진식육식당,2328815,우족탕,한식,소고기/탕,찜/탕/찌개/전골,우족
232392,삼진식육식당,2328816,육회비빔밥,한식,비빔밥/밥,백반/죽/국수/한식,야채/고기/쌀
232392,삼진식육식당,2328817,익힌비빔밥,한식,비빔밥/밥,백반/죽/국수/한식,야채/고추/고기/쌀
232403,엄마주방,997386,닭볶음,한식,닭고기/볶음,백반/죽/국수/한식,야채
232403,엄마주방,997387,제육볶음,한식,고기/볶음,백반/죽/국수/한식,야채/고추/돼지고기/양파
232403,엄마주방,997388,김치찌개,한식,찌개,찜/탕/찌개/전골,야채/김치
232403,엄마주방,997389,순두부찌개,한식,찌개,찜/탕/찌개/전골,야채/순두부
232403,엄마주방,997390,돈까스,분식,돈까스,돈까스/회/일식,돼지고기/계란/밀가루/빵가루
232403,엄마주방,997391,치즈돈까스,분식,돈까스,돈까스/회/일식,돼지고기/치즈/계란/밀가루/빵가루
232403,엄마주방,997392,만두,분식,만두,분식,야채/두부/고기/밀가루
232403,엄마주방,997393,참치김치비빔밥,한식,비빔밥/밥,백반/죽/국수/한식,야채/김치/참치/쌀
232403,엄마주방,997394,라면,분식,라면/면,분식,면/야채
232403,엄마주방,997400,애호박찌개,한식,찌개,찜/탕/찌개/전골,야채/애호박
232403,엄마주방,997401,참치비빔밥,한식,비빔밥/밥,백반/죽/국수/한식,야채/참치/쌀
232403,엄마주방,997404,뼈해장국,한식,국,찜/탕/찌개/전골,야채/돼지고기/쌀/돼지등뼈
232403,엄마주방,997405,우동,분식,우동/면,분식,면/가쓰오부시
252044,일흥식당,2058440,연포탕,한식,해산물/탕,찜/탕/찌개/전골,야채/낙지
252044,일흥식당,2058441,낙지비빔밥,한식,비빔밥/해산물,백반/죽/국수/한식,야채/낙지/쌀
252044,일흥식당,2058442,낙지볶음,한식,볶음/해산물,백반/죽/국수/한식,야채/낙지
252044,일흥식당,2058444,생태탕,한식,생선/탕,찜/탕/찌개/전골,야채/생태
252044,일흥식당,2058445,대구탕,한식,생선/탕,찜/탕/찌개/전골,야채/대구
252044,일흥식당,2058449,갈치조림,한식,생선/조림,백반/죽/국수/한식,야채/갈치
252044,일흥식당,2058452,병치조림,한식,생선/조림,백반/죽/국수/한식,야채/병어
252044,일흥식당,2058455,김치찌개,한식,찌개,찜/탕/찌개/전골,야채/김치/두부
252050,영성원,2256075,짜장면,중식,짜장/면,중식,야채/돼지고기/면
252050,영성원,2256076,간짜장,중식,짜장/면,중식,야채/돼지고기/면
252050,영성원,2256077,우동,중식,우동/면,중식,면/가쓰오부시
252050,영성원,2256078,짬뽕,중식,짬뽕/면,중식,야채/해산물/면
252050,영성원,2256079,삼선짜장,중식,짜장/면,중식,야채/해산물/면
252050,영성원,2256080,쟁반짜장,중식,짜장/면,중식,야채/돼지고기/면
252050,영성원,2256081,볶음밥,중식,볶음밥/밥,중식,야채/쌀
252050,영성원,2256082,잡채,중식,잡채/면,중식,야채/고기/버섯/당면
252050,영성원,2256083,탕수육,중식,탕수육,중식,야채/돼지고기/전분/고기
252050,영성원,2256091,깐풍기,중식,탕수육,중식,야채/고추/닭고기/전분
272893,마한지,2059840,갈비탕,한식,고기/탕,찜/탕/찌개/전골,야채/소고기
272893,마한지,2059841,김치찌개,한식,찌개,찜/탕/찌개/전골,야채/김치/묵은지
272893,마한지,2059842,돌판비빔밥,한식,비빔밥/밥,백반/죽/국수/한식,야채/쌀
272893,마한지,2059844,물냉면,한식,냉면/면,백반/죽/국수/한식,야채/메밀면/계란/육수
272893,마한지,2059845,비빔냉면,한식,냉면/면,백반/죽/국수/한식,야채/메밀면/계란
272893,마한지,2059846,마늘갈비,식육,소고기/고기,고기/구이/족발/보쌈,소갈비/마늘
272893,마한지,2059847,생갈비살,식육,소고기/고기,고기/구이/족발/보쌈,갈비살
272893,마한지,2059848,소양념갈비,식육,소고기/고기,고기/구이/족발/보쌈,소갈비
272893,마한지,2059849,갈비찜,한식,소고기/찜,찜/탕/찌개/전골,야채/소갈비
272893,마한지,2059851,돼지갈비,식육,돼지고기/고기,고기/구이/족발/보쌈,돼지갈비
294183,말리화반점,195145,짜장면,중식,짜장/면,중식,야채/돼지고기/면
294183,말리화반점,195146,짬뽕,중식,짬뽕/면,중식,야채/해산물/면
294183,말리화반점,195147,국밥,중식,국밥/밥,중식,야채/쌀
294183,말리화반점,195148,볶음밥,중식,볶음밥/밥,중식,야채/쌀
294183,말리화반점,195149,탕수육,중식,탕수육,중식,야채/돼지고기/전분
294237,양촌추어탕,387958,가마솥추어탕,한식,탕/추어탕,찜/탕/찌개/전골,야채/미꾸라지
294237,양촌추어탕,387959,오리탕,한식,오리고기/탕,찜/탕/찌개/전골,야채/오리고기
294237,양촌추어탕,387961,닭발볶음,한식,닭고기/볶음,백반/죽/국수/한식,야채/닭발
317292,화랑궁회관,52410,불고기백반,한식,불고기/백반,백반/죽/국수/한식,야채/소고기/쌀
317292,화랑궁회관,52411,낙지비빔밥,한식,비빔밥/해산물,백반/죽/국수/한식,야채/낙지/쌀
317292,화랑궁회관,52412,생고기,식육,소고기/고기,고기/구이/족발/보쌈,고기
317292,화랑궁회관,52413,생삼겹,식육,돼지고기/고기,고기/구이/족발/보쌈,삼겹살
371594,산수모밀,203491,온모밀,일식,메밀/면,돈까스/회/일식,메밀면
371594,산수모밀,203492,냄비유부모밀,일식,메밀/면,돈까스/회/일식,메밀면
371594,산수모밀,203493,모밀짜장,일식,짜장/메밀,돈까스/회/일식,야채/메밀면
371594,산수모밀,203494,옛날우동,일식,우동/면,돈까스/회/일식,면/가쓰오부시
371594,산수모밀,203495,어묵우동,일식,우동/면,돈까스/회/일식,면/가쓰오부시/어묵
371594,산수모밀,203496,마른모밀,일식,메밀/면,돈까스/회/일식,메밀면
371594,산수모밀,203497,냉모밀,일식,메밀/면,돈까스/회/일식,메밀면
371594,산수모밀,203498,비빔모밀,일식,메밀/면,돈까스/회/일식,야채/메밀면
371594,산수모밀,203500,일본식돈까스,일식,돈까스,돈까스/회/일식,돼지고기/계란/밀가루/빵가루
371594,산수모밀,203501,경양식돈까스,양식,돈까스,돈까스/회/일식,돼지고기/계란/밀가루/빵가루
371594,산수모밀,203502,치즈돈까스,일식,돈까스,돈까스/회/일식,돼지고기/치즈/계란/밀가루/빵가루
371594,산수모밀,203503,유부초밥,일식,초밥/밥,돈까스/회/일식,쌀/유부
371615,신신식당,525104,백반,한식,백반/밥,백반/죽/국수/한식,야채/쌀
371615,신신식당,525106,김치찌개,한식,찌개,찜/탕/찌개/전골,야채/김치
371615,신신식당,525107,애호박찌개,한식,찌개,찜/탕/찌개/전골,애호박
371615,신신식당,525108,돈까스,분식,돈까스,돈까스/회/일식,돼지고기/계란/밀가루/빵가루
371615,신신식당,525110,동지죽,한식,죽,백반/죽/국수/한식,찹쌀/팥
371615,신신식당,525111,닭발,한식,닭고기/고기,백반/죽/국수/한식,고추/닭발
371615,신신식당,525112,닭똥집,한식,닭고기/고기,백반/죽/국수/한식,야채/닭모래집
371615,신신식당,525113,제육볶음,한식,고기/볶음,백반/죽/국수/한식,야채/고추/돼지고기/양파
371615,신신식당,525114,오징어숙회,한식,해산물/회,돈까스/회/일식,오징어
371615,신신식당,525117,닭백숙,한식,고기/탕,찜/탕/찌개/전골,인삼/마늘/닭고기/찹쌀
371615,신신식당,525120,꽃게탕,한식,해산물/탕,찜/탕/찌개/전골,야채/꽃게
371615,신신식당,525122,샤브샤브,한식,소고기,고기/구이/족발/보쌈,야채/고기
402442,인천닭곰탕,777550,닭곰탕,한식,곰탕/탕,찜/탕/찌개/전골,닭고기
402442,인천닭곰탕,777551,동태탕,한식,탕/생선,찜/탕/찌개/전골,야채/동태
402442,인천닭곰탕,777552,청국장,한식,국,찜/탕/찌개/전골,야채/두부
402442,인천닭곰탕,777553,김치찌개,한식,찌개,찜/탕/찌개/전골,야채/김치
402442,인천닭곰탕,777554,애호박찌개,한식,찌개,찜/탕/찌개/전골,야채/애호박
402442,인천닭곰탕,777555,제육볶음,한식,볶음/고기,백반/죽/국수/한식,야채/고추/돼지고기/양파
402442,인천닭곰탕,777557,닭도리탕,한식,고기/볶음,백반/죽/국수/한식,야채/닭고기/감자
402442,인천닭곰탕,777558,닭발,한식,닭고기/고기,백반/죽/국수/한식,고추/닭발
402442,인천닭곰탕,777559,오징어볶음,한식,볶음/해산물,백반/죽/국수/한식,야채/오징어
402442,인천닭곰탕,777560,고등어조림,한식,생선/조림,백반/죽/국수/한식,야채/고등어
402442,인천닭곰탕,777561,고등어구이,한식,생선/구이,백반/죽/국수/한식,고등어
434639,임실댁 가마솥 추어탕,341969,추어탕,한식,추어탕,찜/탕/찌개/전골,야채/미꾸라지
434639,임실댁 가마솥 추어탕,341970,청국장,한식,국,백반/죽/국수/한식,야채/두부
434639,임실댁 가마솥 추어탕,341971,김치찌개,한식,찌개,찜/탕/찌개/전골,야채/김치
434639,임실댁 가마솥 추어탕,341972,돼지주물럭,한식,고기/볶음,백반/죽/국수/한식,야채/고추/돼지고기/쌀
434639,임실댁 가마솥 추어탕,341973,오징어볶음,한식,볶음/해산물,백반/죽/국수/한식,야채/오징어
434639,임실댁 가마솥 추어탕,341974,닭발볶음,한식,닭고기/볶음,백반/죽/국수/한식,야채/닭발
434702,진진설곰탕,2557298,소곱창전골,한식,소고기/전골,찜/탕/찌개/전골,야채/소곱창
434702,진진설곰탕,2557300,소불고기,한식,불고기,백반/죽/국수/한식,소고기
434702,진진설곰탕,2557302,소수육,한식,고기,고기/구이/족발/보쌈,소고기
434702,진진설곰탕,2557304,소갈비찜,한식,소고기/찜,고기/구이/족발/보쌈,야채/소갈비
434702,진진설곰탕,2557306,소꼬리수육,한식,소고기,고기/구이/족발/보쌈,소꼬리
434702,진진설곰탕,2557308,도가니수육,한식,소고기,고기/구이/족발/보쌈,소도가니
434702,진진설곰탕,2557312,갈비탕,한식,고기/탕,찜/탕/찌개/전골,야채/소고기
434702,진진설곰탕,2557313,만두갈비탕,한식,고기/탕,찜/탕/찌개/전골,야채/소고기
434702,진진설곰탕,2557314,육개갈비탕,한식,고기/탕,찜/탕/찌개/전골,야채/소고기
434702,진진설곰탕,2557316,전복갈비탕,한식,고기/탕,찜/탕/찌개/전골,야채/전복/소고기
434702,진진설곰탕,2557317,육개장,한식,고기/탕,백반/죽/국수/한식,야채/소고기/숙주/고사리
434702,진진설곰탕,2557318,소내장탕,한식,소고기/탕,찜/탕/찌개/전골,야채/소내장
434702,진진설곰탕,2557321,우족탕,한식,소고기/탕,찜/탕/찌개/전골,우족
434702,진진설곰탕,2557322,도가니탕,한식,소고기/탕,찜/탕/찌개/전골,소도가니
434702,진진설곰탕,2557323,꼬리곰탕,한식,곰탕/탕,찜/탕/찌개/전골,소꼬리
434702,진진설곰탕,2557330,물냉면,한식,냉면/면,백반/죽/국수/한식,야채/메밀면/계란/육수
434702,진진설곰탕,2557331,비빔냉면,한식,냉면/면,백반/죽/국수/한식,야채/메밀면/계란
434702,진진설곰탕,2557332,전복삼계탕,한식,고기/탕,찜/탕/찌개/전골,전복/인삼/닭고기
472224,박순자 녹두집,1383316,원조수제비,한식,수제비/면,백반/죽/국수/한식,야채/밀가루/멸치육수/수제비
472224,박순자 녹두집,1383317,콩나물국밥,한식,국밥/밥,백반/죽/국수/한식,야채/쌀/콩나물
472224,박순자 녹두집,1383318,팥죽,한식,죽,백반/죽/국수/한식,쌀/팥
472224,박순자 녹두집,1383320,골뱅이무침,한식,해산물/무침,백반/죽/국수/한식,야채/골뱅이
472224,박순자 녹두집,1383321,오징어무침,한식,해산물/무침,백반/죽/국수/한식,오징어
472224,박순자 녹두집,1383322,파전,한식,전,백반/죽/국수/한식,밀가루/파
472224,박순자 녹두집,1383323,굴전,한식,해산물/전,백반/죽/국수/한식,계란/밀가루/굴
472224,박순자 녹두집,1383324,빈대떡,한식,전,백반/죽/국수/한식,녹두
472224,박순자 녹두집,1383325,닭발볶음,한식,닭고기/볶음,백반/죽/국수/한식,야채/닭발
472224,박순자 녹두집,1383326,낙지볶음,한식,해산물/볶음,백반/죽/국수/한식,야채/낙지
472224,박순자 녹두집,1383328,콩물국수,한식,면,백반/죽/국수/한식,면/콩물
472224,박순자 녹두집,1383329,코다리찜,한식,생선/찜,찜/탕/찌개/전골,야채/코다리
472224,박순자 녹두집,1383335,쭈꾸미무침,한식,해산물/무침,백반/죽/국수/한식,주꾸미
472279,강황울금국밥,343574,막창철판볶음,한식,고기/볶음,백반/죽/국수/한식,야채/소막창
472279,강황울금국밥,343575,곱창철판볶음,한식,고기/볶음,백반/죽/국수/한식,야채/곱창
472279,강황울금국밥,343576,제육볶음,한식,고기/볶음,백반/죽/국수/한식,야채/고추/돼지고기/양파
472279,강황울금국밥,343577,곱창전골,한식,고기/전골,찜/탕/찌개/전골,야채/곱창
472279,강황울금국밥,343578,막창전골,한식,고기/전골,찜/탕/찌개/전골,소막창
472279,강황울금국밥,343579,해물탕,한식,해산물/탕,찜/탕/찌개/전골,야채/해산물
472279,강황울금국밥,343580,골뱅이무침,한식,해산물/무침,백반/죽/국수/한식,야채/골뱅이
472279,강황울금국밥,343581,모듬수육,한식,소고기,고기/구이/족발/보쌈,고기
472279,강황울금국밥,343582,해물전,한식,해산물/전,백반/죽/국수/한식,해산물/계란/밀가루
472279,강황울금국밥,343584,암뽕순대국밥,한식,순대/국밥,백반/죽/국수/한식,새끼보/순대/당면
472279,강황울금국밥,343586,머리고기국밥,한식,돼지고기/고기,백반/죽/국수/한식,머리고기
472279,강황울금국밥,343587,순대,한식,순대,고기/구이/족발/보쌈,돼지고기/순대/찹쌀/내장
472279,강황울금국밥,343596,모듬국밥,한식,국밥/밥,백반/죽/국수/한식,야채/돼지고기/쌀/돼지내장
472279,강황울금국밥,343598,머리국밥,한식,국밥/밥,백반/죽/국수/한식,야채/쌀/머리고기
472279,강황울금국밥,343599,순대국밥,한식,국밥/밥,백반/죽/국수/한식,야채/돼지고기/쌀/순대/찹쌀/내장/육수
472279,강황울금국밥,343600,내장국밥,한식,돼지고기/국밥,백반/죽/국수/한식,야채/쌀/내장
472279,강황울금국밥,343601,콩나물국밥,한식,국밥/밥,백반/죽/국수/한식,야채/쌀/콩나물
472279,강황울금국밥,343602,김치찌개,한식,찌개,백반/죽/국수/한식,야채/김치
472279,강황울금국밥,343603,애호박찌개,한식,찌개,백반/죽/국수/한식,야채/애호박
472307,좋은국밥,2488152,더좋은국밥,한식,국밥/밥,백반/죽/국수/한식,야채/쌀
472307,좋은국밥,2488153,좋은국밥,한식,국밥/밥,백반/죽/국수/한식,야채/쌀
472307,좋은국밥,2488154,머리국밥,한식,돼지고기/국밥,백반/죽/국수/한식,야채/쌀/머리고기
472307,좋은국밥,2488155,고기국밥,한식,국밥/밥,백반/죽/국수/한식,야채/고기/쌀
472307,좋은국밥,2488156,암뽕국밥,한식,국밥/밥,백반/죽/국수/한식,쌀/새끼보/육수
472307,좋은국밥,2488157,내장국밥,한식,국밥/밥,백반/죽/국수/한식,야채/쌀/내장
472307,좋은국밥,2488158,순대국밥,한식,순대/국밥,백반/죽/국수/한식,야채/쌀/돼지내장/당면
472307,좋은국밥,2488160,콩나물국밥,한식,국밥/밥,백반/죽/국수/한식,야채/쌀/콩나물
472307,좋은국밥,2488161,김치찌개,한식,찌개,찜/탕/찌개/전골,야채/김치
472307,좋은국밥,2488163,곱창전골,한식,전골/고기,찜/탕/찌개/전골,야채/곱창
472307,좋은국밥,2488165,곱창볶음,한식,볶음/고기,백반/죽/국수/한식,야채/곱창
472307,좋은국밥,2488166,막창순대볶음,한식,순대/볶음,백반/죽/국수/한식,야채/소막창/순대
472307,좋은국밥,2488167,모듬볶음,한식,볶음/고기,백반/죽/국수/한식,야채
472307,좋은국밥,2488168,머리고기,한식,돼지고기/고기,고기/구이/족발/보쌈,머리고기
472307,좋은국밥,2488171,순대,한식,순대,고기/구이/족발/보쌈,돼지고기/순대/찹쌀/내장
472319,시안,944322,우동,중식,우동/면,중식,면/가쓰오부시
472319,시안,944323,짬뽕,중식,짬뽕/면,중식,야채/해산물/면
472319,시안,944324,간짜장,중식,짜장/면,중식,야채/돼지고기/면
472319,시안,944325,삼선짜장,중식,짜장/면,중식,야채/해산물/면
472319,시안,944326,삼선우동,중식,우동/면,중식,야채/해산물/고기/버섯/면/가쓰오부시
472319,시안,944327,삼선짬뽕,중식,짬뽕/면,중식,야채/해산물/고기/버섯/면
472319,시안,944328,국밥,중식,국밥/밥,중식,야채/쌀
472319,시안,944329,볶음밥,중식,볶음밥/밥,중식,야채/쌀
472319,시안,944330,잡채밥,중식,잡채/밥,중식,야채/고기/쌀/버섯/당면
472319,시안,944331,삼선국밥,중식,국밥/밥,중식,야채/해산물/쌀
472319,시안,944332,삼선볶음밥,중식,볶음밥/밥,중식,야채/해산물/고기/쌀/버섯
472319,시안,944333,해물덮밥,중식,해산물/덮밥,중식,야채/해산물/쌀
472319,시안,944334,버섯덮밥,중식,덮밥/밥,중식,쌀/버섯
472319,시안,944335,송이덮밥,중식,덮밥/밥,중식,쌀/송이버섯
472319,시안,944337,잡탕밥,중식,덮밥/밥,중식,야채/해산물/쌀
472319,시안,944340,전복짬뽕,중식,해산물/짬뽕,중식,야채/전복/해산물/면
472319,시안,944341,오징어짬뽕,중식,해산물/짬뽕,중식,야채/해산물/오징어/면
472319,시안,944342,낙지짬뽕,중식,해산물/짬뽕,중식,야채/낙지/해산물/면
472319,시안,944343,굴짬뽕,중식,해산물/짬뽕,중식,야채/해산물/면/굴
472319,시안,944344,해물쟁반짜장,중식,해산물/짜장,중식,야채/돼지고기/면
472319,시안,944345,해물쟁반짬뽕,중식,해산물/짜장,중식,야채/해산물/면
472319,시안,944346,콩물국수,한식,면,중식,면/콩물
472319,시안,944347,군만두,중식,만두,중식,야채/두부/고기/밀가루
472319,시안,944368,탕수육,중식,탕수육,중식,야채/돼지고기/전분
472319,시안,944369,오징어탕수육,중식,해산물/탕수육,중식,야채/오징어/전분
472319,시안,944370,깐풍기,중식,탕수육,중식,야채/고추/닭고기/전분
472319,시안,944372,고추잡채,중식,잡채/면,중식,야채/고추/돼지고기/당면
472319,시안,944379,깐풍새우,중식,해산물/탕수육,중식,야채/고추/새우/전분
548017,고기집중,1162798,생삼겹살,식육,돼지고기/고기,고기/구이/족발/보쌈,삼겹살
548017,고기집중,1162799,생갈매기살,식육,돼지고기/고기,고기/구이/족발/보쌈,갈매기살
548017,고기집중,1162800,등심덧살,식육,돼지고기/고기,고기/구이/족발/보쌈,등심덧살
548017,고기집중,1162801,꽃목살,식육,돼지고기/고기,고기/구이/족발/보쌈,목살
548017,고기집중,1162803,김치찌개,한식,찌개,찜/탕/찌개/전골,야채/김치
548017,고기집중,1162804,김치볶음밥,한식,볶음밥/밥,백반/죽/국수/한식,야채/김치/쌀
548017,고기집중,1162806,제육비빔밥,한식,비빔밥/돼지고기,백반/죽/국수/한식,야채/쌀/제육볶음
551033,역전우동0410 ,356866,옛날우동,일식,우동/면,돈까스/회/일식,면/가쓰오부시
551033,역전우동0410 ,356867,냉모밀,일식,메밀/면,돈까스/회/일식,메밀면
551033,역전우동0410 ,356868,새우튀김우동,일식,우동/해산물,돈까스/회/일식,새우/밀가루/면/가쓰오부시
551033,역전우동0410 ,356869,튀김어묵우동,일식,해산물/튀김,돈까스/회/일식,야채/버섯/면/가쓰오부시/어묵
551033,역전우동0410 ,356870,김치우동,일식,우동/면,돈까스/회/일식,김치/면/가쓰오부시
551033,역전우동0410 ,356871,오뎅우동,일식,우동/면,돈까스/회/일식,면/가쓰오부시/어묵
551033,역전우동0410 ,356872,야채튀김우동,일식,튀김/우동,돈까스/회/일식,야채/면/가쓰오부시
551033,역전우동0410 ,356873,소불고기우동,일식,불고기/우동,돈까스/회/일식,면/가쓰오부시
551033,역전우동0410 ,356874,비빔모밀,일식,메밀/면,돈까스/회/일식,야채/메밀면
551033,역전우동0410 ,356875,카레우동,일식,카레/우동,돈까스/회/일식,면/가쓰오부시
551033,역전우동0410 ,356876,카레덮밥,일식,카레/덮밥,돈까스/회/일식,야채/쌀
551033,역전우동0410 ,356877,돈까스,일식,돈까스,돈까스/회/일식,돼지고기/계란/밀가루/빵가루
551033,역전우동0410 ,356880,냉우동,일식,우동/면,돈까스/회/일식,면/가쓰오부시
551033,역전우동0410 ,356881,얼큰우동,일식,우동/면,돈까스/회/일식,면/가쓰오부시
551033,역전우동0410 ,356882,돈까스덮밥,일식,돈까스/덮밥,돈까스/회/일식,돼지고기/쌀/계란/밀가루/빵가루
551033,역전우동0410 ,356892,미트소스우동,일식,우동/면,돈까스/회/일식,면/가쓰오부시
551033,역전우동0410 ,356893,크림우동,일식,우동/면,돈까스/회/일식,면/가쓰오부시
551033,역전우동0410 ,356894,명란크림우동,일식,우동/면,돈까스/회/일식,명란/면/가쓰오부시
551033,역전우동0410 ,356895,소불고기김치덮밥,한식,불고기/덮밥,백반/죽/국수/한식,김치/쌀
551051,대접,988632,잔치국수,한식,면,백반/죽/국수/한식,야채/면
551051,대접,988633,비빔국수,한식,면,백반/죽/국수/한식,야채/면
551051,대접,988638,소불고기잔치국수,한식,불고기/면,백반/죽/국수/한식,야채/소고기/면
551051,대접,988639,소불고기비빔국수,한식,불고기/면,백반/죽/국수/한식,야채/소고기/면
551051,대접,988641,대접우동,분식,우동/면,분식,면/가쓰오부시
551051,대접,988646,라면,분식,라면/면,분식,면
551051,대접,988656,돼지김치찌개,한식,돼지고기/찌개,찜/탕/찌개/전골,야채/김치/돼지고기
551051,대접,988657,참치김치찌개,한식,찌개,찜/탕/찌개/전골,야채/김치/참치
551051,대접,988658,제육덮밥,한식,돼지고기/덮밥,백반/죽/국수/한식,야채/쌀/돼지고기
551051,대접,988660,김치제육덮밥,한식,돼지고기/덮밥,백반/죽/국수/한식,김치/쌀/돼지고기
551051,대접,988661,소불고기덮밥,한식,불고기/덮밥,백반/죽/국수/한식,김치/쌀/소고기
551051,대접,988662,수제돈까스,분식,돈까스,분식,돼지고기/계란/밀가루/빵가루
551051,대접,988668,스팸부대찌개,한식,찌개,찜/탕/찌개/전골,야채/햄/스팸/소시지
551051,대접,988669,애호박찌개,한식,찌개,찜/탕/찌개/전골,야채/애호박
551051,대접,988672,육개장,한식,찌개/고기,찜/탕/찌개/전골,야채/소고기/숙주/고사리
551051,대접,988673,대접비빔밥,한식,비빔밥/밥,백반/죽/국수/한식,야채/쌀
551051,대접,988675,돌솥비빔밥,한식,비빔밥/밥,백반/죽/국수/한식,야채/쌀
570011,별채,374141,육개장,한식,고기/찌개,찜/탕/찌개/전골,야채/소고기/숙주/고사리
570011,별채,374142,별채한우비빔밥,한식,비빔밥/밥,백반/죽/국수/한식,야채/쌀/소고기
570011,별채,374143,발효전복비빔밥,한식,해산물/비빔밥,백반/죽/국수/한식,야채/전복/쌀
570011,별채,374144,수육곰탕,한식,곰탕/탕,찜/탕/찌개/전골,소고기/고기
570011,별채,374145,엄마손비빔밥,한식,비빔밥/밥,백반/죽/국수/한식,야채/쌀
570011,별채,374146,연잎밥정식,한식,백반/밥,백반/죽/국수/한식,야채/쌀/연잎
570011,별채,374147,불고기정식,한식,불고기/백반,백반/죽/국수/한식,소고기
570011,별채,374148,아씨굴비정식,한식,생선/백반,백반/죽/국수/한식,굴비/쌀/야채/생선
587540,고피자,1140443,감바스파스타,양식,파스타/면,양식,새우/마늘/파스타면/페페론치노
587540,고피자,1140444,미트치즈파스타,양식,파스타/면,양식,치즈/파스타면
587540,고피자,1140445,까르보나라파스타,양식,파스타/면,양식,베이컨/파스타면/우유
587540,고피자,1140446,토마토치즈파스타,양식,파스타/면,양식,치즈/토마토/파스타면
587540,고피자,1140447,미트칠리치즈필라프,양식,밥,양식,야채/치즈/쌀/계란
587540,고피자,1140448,하와이안갈릭슈림프필라프,양식,밥,양식,야채/새우/쌀/계란
587540,고피자,1140475,치즈버거피자,양식,피자/빵,치킨/피자/패스트푸드,야채/치즈/모짜렐라치즈/밀가루
587540,고피자,1140476,클래식치즈피자,양식,피자/빵,치킨/피자/패스트푸드,야채/치즈/모짜렐라치즈/밀가루
587540,고피자,1140477,콘치즈피자,양식,피자/빵,치킨/피자/패스트푸드,야채/치즈/모짜렐라치즈/밀가루
587540,고피자,1140478,고르곤졸라피자,양식,피자/빵,치킨/피자/패스트푸드,밀가루/고르곤졸라치즈
587540,고피자,1140479,페퍼로니피자,양식,피자/빵,치킨/피자/패스트푸드,치즈/밀가루/페퍼로니
587540,고피자,1140481,하와이안피자,양식,피자/빵,치킨/피자/패스트푸드,야채/모짜렐라치즈/밀가루
587540,고피자,1140482,크런치포테이토피자,양식,피자/빵,치킨/피자/패스트푸드,야채/모짜렐라치즈/밀가루
587540,고피자,1140483,고구마피자,양식,피자/빵,치킨/피자/패스트푸드,야채/고구마/치즈/밀가루
587540,고피자,1140484,베이컨포테이토피자,양식,피자/빵,치킨/피자/패스트푸드,야채/치즈/토마토/밀가루/베이컨
587540,고피자,1140485,슈퍼콤비네이션피자,양식,피자/빵,치킨/피자/패스트푸드,야채/모짜렐라치즈/밀가루/페퍼로니/올리브
587540,고피자,1140486,불고기피자,양식,피자/빵,치킨/피자/패스트푸드,야채/소고기/치즈/밀가루
587540,고피자,1140487,리치치즈피자,양식,피자/빵,치킨/피자/패스트푸드,야채/치즈/모짜렐라치즈/밀가루
587540,고피자,1140488,나폴리슈림프피자,양식,피자/빵,치킨/피자/패스트푸드,야채/새우/모짜렐라치즈/밀가루
587540,고피자,1140489,부라타치즈피자,양식,피자/빵,치킨/피자/패스트푸드,야채/치즈/모짜렐라치즈/밀가루
589428,시바카레,2296814,새우크림카레,일식,카레/밥,돈까스/회/일식,야채/새우/고기
589428,시바카레,2296815,키마카레,일식,카레/밥,돈까스/회/일식,야채/고기
589428,시바카레,2296816,시바카레,일식,카레/밥,돈까스/회/일식,야채/고기
589428,시바카레,2296817,치즈키마카레,일식,카레/밥,돈까스/회/일식,야채/고기/치즈
589428,시바카레,2296825,베이컨토마토카레,일식,카레/밥,돈까스/회/일식,야채/고기/토마토/베이컨
593167,1966생면파스타,1697288,알리오올리오,양식,파스타/면,양식,마늘/파스타면
593167,1966생면파스타,1697289,오리지널까르보나라,양식,파스타/면,양식,베이컨/파스타면/우유
593167,1966생면파스타,1697291,해산물크림파스타,양식,파스타/해산물,양식,해산물/파스타면/우유
593167,1966생면파스타,1697292,참바지락과가리비봉골레,양식,파스타/해산물,양식,가리비/조개/바지락/파스타면
593167,1966생면파스타,1697293,새우앤초비푸타네스카,양식,파스타/해산물,양식,새우/파스타면
593167,1966생면파스타,1697296,새우가리비로제리조또,양식,해산물/밥,양식,새우/가리비/토마토/우유
593167,1966생면파스타,1697297,연어스테이크크림리조또,양식,밥/생선,양식,연어
593167,1966생면파스타,1697298,무쇠주물팬살치살스테이크,양식,고기/구이,양식,살치살/소고기
622808,청춘덮밥,1013745,청춘덮밥,일식,덮밥/밥,돈까스/회/일식,야채/쌀
622808,청춘덮밥,1013747,로스트비프스테이크덮밥,일식,덮밥/고기,돈까스/회/일식,야채/쌀/소고기
622808,청춘덮밥,1013748,스테이크덮밥,일식,덮밥/고기,돈까스/회/일식,야채/쌀/소고기
622808,청춘덮밥,1013749,참치덮밥,일식,덮밥/회,돈까스/회/일식,야채/참치/쌀
622808,청춘덮밥,1013750,연어덮밥,일식,덮밥/회,돈까스/회/일식,야채/쌀/연어
622808,청춘덮밥,1013751,참치타다끼덮밥,일식,덮밥/밥,돈까스/회/일식,야채/쌀/참치
622808,청춘덮밥,1013755,나가사끼짬뽕,일식,짬뽕/면,돈까스/회/일식,야채/해산물/돼지고기/면
622808,청춘덮밥,1013756,탄탄미소라멘,일식,라면/면,돈까스/회/일식,소라/된장/고기
622808,청춘덮밥,1013761,스테이크크림우동,일식,우동/면,돈까스/회/일식,면/우유/소고기
622808,청춘덮밥,1013762,벚꽃크림우동,일식,우동/면,돈까스/회/일식,면/우유
625986,호시마츠라멘,1861835,호시라멘,일식,라면/면,돈까스/회/일식,야채/면
625986,호시마츠라멘,1861836,카라호시라멘,일식,라면/면,돈까스/회/일식,야채/계란
625986,호시마츠라멘,1861837,아라시라멘,일식,라면/면,돈까스/회/일식,야채/면
625986,호시마츠라멘,1861838,마츠라멘,일식,라면/면,돈까스/회/일식,야채/면
625986,호시마츠라멘,1861839,차슈덮밥,일식,덮밥/밥,돈까스/회/일식,야채/쌀/고기
633396,밥도둑,2581254,막창소금구이,한식,고기/구이,고기/구이/족발/보쌈,소막창
633396,밥도둑,2581255,양푼이돼지갈비,한식,돼지고기/고기,고기/구이/족발/보쌈,돼지갈비
633396,밥도둑,2581256,제주은갈치구이,한식,생선/구이,고기/구이/족발/보쌈,갈치
633396,밥도둑,2581261,양푼이생태탕,한식,생선/탕,찜/탕/찌개/전골,야채/생태/생선
633396,밥도둑,2581262,애호박찌개,한식,찌개,찜/탕/찌개/전골,야채/애호박
633396,밥도둑,2581263,익힌비빔밥,한식,비빔밥/밥,백반/죽/국수/한식,야채/쌀/고기
633396,밥도둑,2581264,삼겹살,식육,돼지고기/고기,고기/구이/족발/보쌈,돼지고기
633396,밥도둑,2581267,제육김치볶음,한식,볶음,백반/죽/국수/한식,야채/김치/돼지고기/고기
674917,신묘한 곱도리식당,1052305,소곱도리탕,한식,소고기/볶음,백반/죽/국수/한식,곱창/야채/닭/고기
674917,신묘한 곱도리식당,1052307,쭈꾸미삼겹,한식,볶음,고기/구이/족발/보쌈,삼겹살/주꾸미/돼지고기/고기/야채
674917,신묘한 곱도리식당,1052313,닭도리탕,한식,닭고기/볶음,고기/구이/족발/보쌈,야채/닭고기/감자/야채
674917,신묘한 곱도리식당,1052317,소곱창김치볶음밥,한식,볶음밥/소고기,백반/죽/국수/한식,야채/김치/쌀/소곱창
674917,신묘한 곱도리식당,1052318,소대창김치볶음밥,한식,볶음밥/소고기,백반/죽/국수/한식,야채/김치/쌀/소대창
674917,신묘한 곱도리식당,1052319,얼큰한소곱창전골,한식,전골/소고기,백반/죽/국수/한식,야채/소곱창
674917,신묘한 곱도리식당,1052320,묵은지돼지김치찜,한식,돼지고기/찜,백반/죽/국수/한식,김치/돼지고기/묵은지
690480,돈부리바쇼 유메노덴,554373,사케동,일식,덮밥/밥,돈까스/회/일식,쌀/연어
690480,돈부리바쇼 유메노덴,554375,가츠동,일식,덮밥/밥,돈까스/회/일식,돼지고기/쌀/계란/양파/밀가루/파
690480,돈부리바쇼 유메노덴,554378,오야꼬동,일식,덮밥/밥,돈까스/회/일식,야채/쌀/닭고기
690480,돈부리바쇼 유메노덴,554381,규동,일식,덮밥/밥,돈까스/회/일식,소고기/쌀
690480,돈부리바쇼 유메노덴,554383,에비동,일식,덮밥/밥,돈까스/회/일식,새우
703790,손수김밥,1054114,손수김밥,분식,김밥/밥,분식,야채/쌀/김
703790,손수김밥,1054116,참치김밥,분식,생선/김밥,분식,야채/참치/쌀/김
703790,손수김밥,1054119,샐러드김밥,분식,김밥/밥,분식,야채/쌀/김
703790,손수김밥,1054120,참치고추김밥,분식,생선/김밥,분식,야채/고추/쌀/햄/김/참치
703790,손수김밥,1054122,돈까스김밥,분식,돈까스/김밥,분식,야채/돼지고기/쌀/밀가루/빵가루/김
703790,손수김밥,1054129,떡볶이,분식,떡/볶음,분식,야채/떡/어묵
703790,손수김밥,1054134,고기만두,분식,고기/만두,분식,야채/두부/고기/밀가루
703790,손수김밥,1054135,김치만두,분식,만두,분식,야채/김치/두부/고기/밀가루
703790,손수김밥,1054141,라면,분식,라면/면,분식,면
703790,손수김밥,1054147,우동,분식,우동/면,분식,면/가쓰오부시
703790,손수김밥,1054148,쫄면,분식,면,백반/죽/국수/한식,야채/콩나물/면
703790,손수김밥,1054149,잔치국수,분식,면,백반/죽/국수/한식,야채/면
703790,손수김밥,1054150,비빔국수,분식,면,백반/죽/국수/한식,야채/면
703790,손수김밥,1054151,바지락칼국수,분식,칼국수/면,백반/죽/국수/한식,야채/면/바지락
703790,손수김밥,1054152,손수수제비,분식,수제비/면,백반/죽/국수/한식,야채/밀가루/수제비
703790,손수김밥,1054154,야채볶음밥,분식,볶음밥/밥,분식,야채/쌀
703790,손수김밥,1054155,김치볶음밥,분식,볶음밥/밥,분식,야채/김치/쌀
703790,손수김밥,1054156,새우볶음밥,분식,해산물/볶음밥,분식,야채/새우/쌀
703790,손수김밥,1054157,참치볶음밥,분식,생선/볶음밥,분식,야채/참치/쌀
703790,손수김밥,1054158,소고기볶음밥,분식,고기/볶음밥,분식,야채/소고기/쌀
703790,손수김밥,1054159,참치김치볶음밥,분식,생선/볶음밥,분식,야채/김치/참치/쌀
703790,손수김밥,1054160,오므라이스,분식,볶음밥/밥,분식,야채/쌀/계란
703790,손수김밥,1054161,김치오므라이스,분식,볶음밥/밥,분식,야채/김치/쌀/계란
703790,손수김밥,1054162,새우오므라이스,분식,해산물/볶음밥,분식,야채/새우/쌀/계란
703790,손수김밥,1054163,참치오므라이스,분식,생선/볶음밥,분식,야채/쌀/계란/참치
703790,손수김밥,1054169,제육덮밥,분식,덮밥/밥,백반/죽/국수/한식,야채/쌀/돼지고기/고기
703790,손수김밥,1054172,불고기덮밥,분식,불고기/덮밥,백반/죽/국수/한식,쌀/소고기/야채
703790,손수김밥,1054175,등심돈까스,분식,돈까스,돈까스/회/일식,계란/돼지고기/밀가루/빵가루
703790,손수김밥,1054180,떡국,분식,떡/국,분식,소고기/계란/떡
703790,손수김밥,1054182,만두국,분식,만두/국,분식,야채/두부/고기/밀가루
703790,손수김밥,1054183,물냉면,분식,냉면/면,분식,야채/메밀면/계란
703790,손수김밥,1054190,소고기양푼이비빔밥,한식,고기/비빔밥,분식,야채/쌀/소고기
703790,손수김밥,1054192,소고기돌솥비빔밥,한식,고기/비빔밥,분식,야채/소고기/쌀
703790,손수김밥,1054193,참치돌솥비빔밥,한식,생선/비빔밥,분식,야채/쌀/참치
703790,손수김밥,1054194,된장찌개,한식,찌개,찜/탕/찌개/전골,야채/두부/된장
703790,손수김밥,1054195,생돼지김치찌개,한식,찌개/고기,찜/탕/찌개/전골,야채/김치/돼지고기/두부
703790,손수김밥,1054196,참치김치찌개,한식,생선/찌개,찜/탕/찌개/전골,야채/김치/참치/두부
703790,손수김밥,1054198,순두부찌개,한식,찌개,찜/탕/찌개/전골,야채/순두부
703790,손수김밥,1054199,애호박찌개,한식,찌개,찜/탕/찌개/전골,야채/애호박
703790,손수김밥,1054200,부대찌개,한식,찌개,찜/탕/찌개/전골,야채/햄/소시지
703790,손수김밥,1054201,짬뽕국밥,한식,짬뽕/국밥,분식,야채/해산물/쌀
703790,손수김밥,1054202,육개장,한식,고기/탕,찜/탕/찌개/전골,야채/소고기/숙주/고사리
703790,손수김밥,1054203,갈비탕,한식,고기/탕,찜/탕/찌개/전골,야채/소고기
703790,손수김밥,1054204,뚝배기불고기,한식,불고기/고기,분식,소고기/버섯/야채
703790,손수김밥,1054205,고등어김치조림,한식,생선/조림,분식,야채/김치/생선/고등어
705385,시골집,647157,닭볶음탕,한식,닭고기/볶음,백반/죽/국수/한식,야채/닭/감자
705385,시골집,647158,삼겹김치찜,한식,고기/찜,백반/죽/국수/한식,김치/삼겹살/야채/돼지고기
705385,시골집,647159,제육쌈밥,한식,백반/고기,백반/죽/국수/한식,야채/고추/돼지고기/쌀/우렁이
705385,시골집,647160,육회비빔밥,한식,비빔밥/밥,백반/죽/국수/한식,야채/고기/쌀/소고기
705385,시골집,647161,익힌비빔밥,한식,비빔밥/밥,백반/죽/국수/한식,야채/쌀/고기
715737,서울깍두기,1146675,설렁탕,한식,고기/탕,찜/탕/찌개/전골,사골
715737,서울깍두기,1146677,갈비탕,한식,고기/탕,찜/탕/찌개/전골,야채/소고기
715737,서울깍두기,1146678,꼬리곰탕,한식,소고기/곰탕,찜/탕/찌개/전골,소꼬리
715737,서울깍두기,1146679,도가니탕,한식,소고기/탕,찜/탕/찌개/전골,소도가니
715737,서울깍두기,1146680,수육,한식,소고기,고기/구이/족발/보쌈,고기
715737,서울깍두기,1146681,소갈비찜,한식,소고기/찜,찜/탕/찌개/전골,야채/소갈비
723663,통큰경양식,1305847,통큰정식,분식,백반,백반/죽/국수/한식,돼지고기
723663,통큰경양식,1305848,왕생돈까스,분식,돈까스,돈까스/회/일식,돼지고기/계란/밀가루/빵가루
723663,통큰경양식,1305849,왕치즈돈까스,분식,돈까스,돈까스/회/일식,돼지고기/치즈/계란/밀가루/빵가루
723663,통큰경양식,1305850,생선가스,분식,생선/돈까스,돈까스/회/일식,생선/계란/밀가루/빵가루
723663,통큰경양식,1305851,오므라이스,분식,볶음밥/밥,백반/죽/국수/한식,야채/쌀/계란
723663,통큰경양식,1305852,순두부찌개,한식,찌개,찜/탕/찌개/전골,야채/순두부
723663,통큰경양식,1305853,물냉면,한식,냉면/면,백반/죽/국수/한식,야채/메밀면/계란/육수
723663,통큰경양식,1305862,비빔냉면,한식,냉면/면,백반/죽/국수/한식,야채/메밀면/계란
742604,칠우불고기,780143,삼겹살,식육,돼지고기/고기,고기/구이/족발/보쌈,삼겹살
742604,칠우불고기,780144,목살,식육,돼지고기/고기,고기/구이/족발/보쌈,목살
759638,롯데리아,1800741,폴더버거,패스트푸드,햄버거/빵,치킨/피자/패스트푸드,야채/고기/빵
759638,롯데리아,1800746,리아미라클버거,패스트푸드,햄버거/빵,치킨/피자/패스트푸드,양파/빵/양상추/콩고기
759638,롯데리아,1800747,클래식치즈버거,패스트푸드,햄버거/빵,치킨/피자/패스트푸드,치즈
759638,롯데리아,1800750,한우불고기버거,패스트푸드,햄버거/빵,치킨/피자/패스트푸드,소고기
759638,롯데리아,1800754,와규에디션버거,패스트푸드,햄버거/빵,치킨/피자/패스트푸드,고기/치즈/토마토/양파/빵/양상추
759638,롯데리아,1800756,AZ버거,패스트푸드,햄버거/빵,치킨/피자/패스트푸드,고기/치즈/토마토/양파/양상추
759638,롯데리아,1800758,모짜렐라인더버거,패스트푸드,햄버거/빵,치킨/피자/패스트푸드,치즈/계란/베이컨
759638,롯데리아,1800759,DOUBLEX2,패스트푸드,햄버거/빵,치킨/피자/패스트푸드,야채/고기/빵
759638,롯데리아,1800764,불고기버거,패스트푸드,햄버거/빵,치킨/피자/패스트푸드,야채/고기/빵
759638,롯데리아,1800766,새우버거,패스트푸드,햄버거/빵,치킨/피자/패스트푸드,새우
759638,롯데리아,1800768,핫크리스피버거,패스트푸드,햄버거/빵,치킨/피자/패스트푸드,야채/닭고기/빵/밀가루
759638,롯데리아,1800770,T-REX버거,패스트푸드,햄버거/빵,치킨/피자/패스트푸드,야채/닭고기/밀가루/피클
759638,롯데리아,1800772,치킨버거,패스트푸드,햄버거/빵,치킨/피자/패스트푸드,야채/고기/빵
759638,롯데리아,1800774,데리버거,패스트푸드,햄버거/빵,치킨/피자/패스트푸드,야채/고기/빵
796823,전부,2434746,카이센동,일식,덮밥/해산물,돈까스/회/일식,야채/새우/해산물/쌀/계란/연어/도미/광어/참치뱃살/연어알
796823,전부,2434747,네기도로동,일식,덮밥/회,돈까스/회/일식,생선/야채/쌀
796823,전부,2434748,사케동,일식,덮밥/회,돈까스/회/일식,쌀/연어
796823,전부,2434749,후토마키,일식,김밥/밥,돈까스/회/일식,쌀
796823,전부,2434750,도미버터솥밥,일식,백반/밥,백반/죽/국수/한식,버터/생선회/도미
797572,고향청국장,651517,삼겹살,식육,돼지고기/고기,고기/구이/족발/보쌈,삼겹살
797572,고향청국장,651518,돼지주물럭,한식,돼지고기/고기,백반/죽/국수/한식,야채/고추/돼지고기
797572,고향청국장,651519,청국장,한식,국,찜/탕/찌개/전골,야채/두부
797572,고향청국장,651520,장어탕,한식,탕/생선,찜/탕/찌개/전골,야채/장어
797572,고향청국장,651521,김치찌개,한식,찌개,찜/탕/찌개/전골,야채/김치
797572,고향청국장,651522,냉면,한식,냉면/면,백반/죽/국수/한식,야채/메밀면/계란/육수
800752,궁동시골밥상,517738,백반,한식,백반/밥,백반/죽/국수/한식,야채/쌀
800752,궁동시골밥상,517745,갈치조림,한식,생선/조림,백반/죽/국수/한식,야채/갈치
800752,궁동시골밥상,517746,닭볶음탕,한식,볶음/고기,백반/죽/국수/한식,야채/닭고기/감자
800752,궁동시골밥상,517747,제육볶음,한식,볶음/고기,백반/죽/국수/한식,야채/고추/돼지고기/양파
800752,궁동시골밥상,517749,촌닭백숙,한식,고기/탕,백반/죽/국수/한식,인삼/마늘/닭고기/찹쌀
800752,궁동시골밥상,517750,오리로스,식육,고기/구이,고기/구이/족발/보쌈,오리고기
800752,궁동시골밥상,517751,삼겹살,식육,돼지고기/고기,고기/구이/족발/보쌈,삼겹살
801173,마네키,2302914,마네키카츠,일식,돈까스,돈까스/회/일식,돼지고기
801173,마네키,2302915,로스카츠,일식,돈까스,돈까스/회/일식,돼지고기
801173,마네키,2302916,모짜렐라치즈카츠,일식,돈까스,돈까스/회/일식,치즈/모짜렐라치즈
801173,마네키,2302917,네코카츠,일식,돈까스,돈까스/회/일식,안심/등심/새우
801173,마네키,2302918,카츠카레,일식,카레/밥,돈까스/회/일식,야채/돼지고기/계란/밀가루/빵가루
801173,마네키,2302919,카츠꼬치우동,일식,우동/면,돈까스/회/일식,면/가쓰오부시
801173,마네키,2302920,카츠김치우동,일식,우동/면,돈까스/회/일식,김치/면/가쓰오부시
801542,하동정,845783,통삼겹살바베큐,한식,돼지고기/구이,고기/구이/족발/보쌈,삼겹살
801542,하동정,845784,갈비바비큐,한식,소고기/구이,고기/구이/족발/보쌈,소갈비
801542,하동정,845785,통삼겹살바비큐,한식,돼지고기/구이,고기/구이/족발/보쌈,삼겹살
801542,하동정,845786,오리바비큐,한식,고기/구이,고기/구이/족발/보쌈,고기/오리고기
801542,하동정,845789,전주식돼지불고기,한식,불고기/고기,백반/죽/국수/한식,돼지고기
801542,하동정,845791,쌈밥,한식,백반/밥,백반/죽/국수/한식,쌀/야채
801542,하동정,845792,애호박찌개,한식,찌개,찜/탕/찌개/전골,야채/애호박
801542,하동정,845793,김치찌개,한식,찌개,찜/탕/찌개/전골,야채/김치
801542,하동정,845794,무쇠솥밥,한식,비빔밥/밥,백반/죽/국수/한식,쌀
832711,소복,1959782,소복마제멘,일식,라면/면,돈까스/회/일식,고기
832711,소복,1959783,간장새우덮밥,일식,덮밥/해산물,돈까스/회/일식,새우
832711,소복,1959784,매콤닭목살덮밥,일식,덮밥/고기,돈까스/회/일식,닭고기
832711,소복,1959786,한우대창덮밥,일식,덮밥/소고기,돈까스/회/일식,소대창
832711,소복,1959788,부타동,일식,덮밥/밥,돈까스/회/일식,야채/돼지고기/쌀
832711,소복,1959790,연어덮밥,일식,덮밥/회,돈까스/회/일식,연어/쌀
832711,소복,1959792,함박스테이크덮밥,일식,덮밥/고기,돈까스/회/일식,야채/소고기/쌀
845019,솔밭솥밥,2529147,와규솥밥,한식,비빔밥/소고기,백반/죽/국수/한식,와규/ 쌀
845019,솔밭솥밥,2529148,도미키조개관자솥밥,한식,비빔밥/해산물,백반/죽/국수/한식,생선회/도미
845019,솔밭솥밥,2529149,구운연어솥밥,한식,비빔밥/생선,백반/죽/국수/한식,연어/ 쌀
845019,솔밭솥밥,2529150,파불고기솥밥,한식,비빔밥/불고기,백반/죽/국수/한식,야채/소고기/파
855479,뼈대있는집 감자탕,653218,우거지감자탕,한식,탕,백반/죽/국수/한식,야채/우거지/돼지등뼈/감자
855479,뼈대있는집 감자탕,653223,묵은지감자탕,한식,탕,백반/죽/국수/한식,야채/돼지등뼈/감자/묵은지
855479,뼈대있는집 감자탕,653226,묵은지찜,한식,찜,백반/죽/국수/한식,야채/돼지고기/묵은지
855479,뼈대있는집 감자탕,653230,뼈해장국,한식,국,백반/죽/국수/한식,야채/돼지고기/쌀/돼지등뼈
857451,피자헛,653247,리치골드피자,양식,피자/빵,치킨/피자/패스트푸드,야채/고구마/치즈/밀가루
857451,피자헛,653249,치즈크러스트피자,양식,피자/빵,치킨/피자/패스트푸드,야채/고기/치즈/밀가루
857451,피자헛,653251,티본스테이크쉬림프피자,양식,피자/빵,치킨/피자/패스트푸드,새우/ 소고기/야채/고기/치즈/밀가루
857451,피자헛,653253,직화불고기쉬림프피자,양식,피자/빵,치킨/피자/패스트푸드,소고기/새우/야채/고기/치즈/밀가루
857451,피자헛,653255,아보카도쉬림프피자,양식,피자/빵,치킨/피자/패스트푸드,새우/아보카도/야채/고기/치즈/밀가루
857451,피자헛,653257,블랙알리오스테이크피자,양식,피자/빵,치킨/피자/패스트푸드,마늘/파스타면
857451,피자헛,653259,얼티밋미트피자,양식,피자/빵,치킨/피자/패스트푸드,야채/고기/치즈/밀가루
857451,피자헛,653261,갈릭버터쉬림프피자,양식,피자/빵,치킨/피자/패스트푸드,야채/새우/치즈/버터/마늘/밀가루
857451,피자헛,653263,직화불고기피자,양식,피자/빵,치킨/피자/패스트푸드,소고기/야채/고기/치즈/밀가루
857451,피자헛,653265,토핑킹피자,양식,피자/빵,치킨/피자/패스트푸드,치즈/야채/고기/치즈/밀가루
857451,피자헛,653267,더블치즈티본스테이크피자,양식,피자/빵,치킨/피자/패스트푸드,치즈/티본스테이크
857451,피자헛,653269,치즈킹피자,양식,피자/빵,치킨/피자/패스트푸드,치즈/야채/고기/치즈/밀가루
857451,피자헛,653271,수퍼슈프림피자,양식,피자/빵,치킨/피자/패스트푸드,야채/고기/치즈/밀가루
857451,피자헛,653273,베이컨포테이토피자,양식,피자/빵,치킨/피자/패스트푸드,치즈/토마토/감자/밀가루/베이컨
857451,피자헛,653275,월드스트리트푸드와우박스피자,양식,피자/빵,치킨/피자/패스트푸드,치즈/토마토/밀가루/야채
857451,피자헛,653277,메가더블세트피자,양식,피자/빵,치킨/피자/패스트푸드,치즈/토마토/밀가루/야채
857451,피자헛,653279,제주고르곤졸라피자,양식,피자/빵,치킨/피자/패스트푸드,모짜렐라치즈/밀가루/고르곤졸라치즈
857451,피자헛,653281,순삭포테이토피자,양식,피자/빵,치킨/피자/패스트푸드,치즈/감자/토마토/밀가루/야채
857451,피자헛,653283,뿜뿜불고기피자,양식,피자/빵,치킨/피자/패스트푸드,소고기/야채/고기/치즈/밀가루
857451,피자헛,653285,케미콤보피자,양식,피자/빵,치킨/피자/패스트푸드,치즈/토마토/밀가루/야채
857451,피자헛,653287,갓치킨피자,양식,피자/빵,치킨/피자/패스트푸드,치즈/닭고기/토마토/밀가루/야채
857451,피자헛,653289,얌얌페퍼로니피자,양식,피자/빵,치킨/피자/패스트푸드,치즈/토마토/밀가루/야채
857451,피자헛,653291,수퍼슈프림피자,양식,피자/빵,치킨/피자/패스트푸드,야채/고기/치즈/밀가루
857451,피자헛,653292,직화불고기피자,양식,피자/빵,치킨/피자/패스트푸드,소고기/야채/고기/치즈/밀가루
857451,피자헛,653293,페퍼로니피자,양식,피자/빵,치킨/피자/패스트푸드,치즈/밀가루/페퍼로니
